snapshot_at,org,programs,city,state,totalRegisteredCameras,totalIntegratedCameras,totalOwnedCameras,totalSharedCameras,totalMaxCameras,subscribedCameras,observed_at,program_count,status,http_status,error,missing_metrics,source_url
2026-09-15T23:08:15Z,aacounty,Connect Anne Arundel,Anne Arundel County,MD,1026,3664,2372,534,1500,2336,2026-09-15T23:08:16Z,1,ok,200,,,https://api.fususone.com/api/public/organizations/aacounty/stats/
2026-09-15T23:08:15Z,accpd,Connect Athens-Clarke County,Athens-Clarke County,GA,68,4308,1827,297,500,526,2026-09-15T23:08:17Z,1,ok,200,,,https://api.fususone.com/api/public/organizations/accpd/stats/
2026-09-15T23:08:15Z,acworthga,Connect Acworth,Acworth,GA,150,10580,237,451,500,237,2026-09-15T23:08:18Z,1,ok,200,,,https://api.fususone.com/api/public/organizations/acworthga/stats/
2026-09-15T23:08:15Z,adamscsoco,Connect Adams County,Adams County,CO,156,166,166,0,1500,166,2026-09-15T23:08:19Z,1,ok,200,,,https://api.fususone.com/api/public/organizations/adamscsoco/stats/
2026-09-15T23:08:15Z,alachuasheriff,Connect Alachua County,Alachua County,FL,0,216,160,0,850,143,2026-09-15T23:08:20Z,1,ok,200,,,https://api.fususone.com/api/public/organizations/alachuasheriff/stats/
2026-09-15T23:08:15Z,albanypolice,Connect Albany,Albany,GA,725,13935,1154,3414,6634,1140,2026-09-15T23:08:21Z,1,ok,200,,,https://api.fususone.com/api/public/organizations/albanypolice/stats/
2026-09-15T23:08:15Z,alpharetta,Connect Alpharetta,Alpharetta,GA,0,0,0,0,2500,0,2026-09-15T23:08:22Z,1,ok,200,,,https://api.fususone.com/api/public/organizations/alpharetta/stats/
2026-09-15T23:08:15Z,alsipil,Connect Alsip,Alsip,IL,737,977,930,26,1500,979,2026-09-15T23:08:23Z,1,ok,200,,,https://api.fususone.com/api/public/organizations/alsipil/stats/
2026-09-15T23:08:15Z,altoonapd,Connect Altoona,Altoona,IA,345,605,605,0,925,595,2026-09-15T23:08:24Z,1,ok,200,,,https://api.fususone.com/api/public/organizations/altoonapd/stats/
2026-09-15T23:08:15Z,amarillopd,Connect Amarillo,Amarillo,TX,32,491,491,0,500,483,2026-09-15T23:08:25Z,1,ok,200,,,https://api.fususone.com/api/public/organizations/amarillopd/stats/
2026-09-15T23:08:15Z,anaheim,Connect Anaheim,Anaheim,CA,424,714,667,3,1500,636,2026-09-15T23:08:26Z,1,ok,200,,,https://api.fususone.com/api/public/organizations/anaheim/stats/
2026-09-15T23:08:15Z,anchoragepdak,Safe Anchorage,Anchorage,AK,269,40,18,22,0,18,2026-09-15T23:08:27Z,1,ok,200,,,https://api.fususone.com/api/public/organizations/anchoragepdak/stats/
2026-09-15T23:08:15Z,anokacountysomn,Anoka County Real Time Crime Center,Anoka County,MN,374,2674,635,1721,500,634,2026-09-15T23:08:28Z,1,ok,200,,,https://api.fususone.com/api/public/organizations/anokacountysomn/stats/
2026-09-15T23:08:15Z,apachejunctionpdaz,Connect Apache Junction,Apache Junction,AZ,0,199,199,0,225,191,2026-09-15T23:08:29Z,1,ok,200,,,https://api.fususone.com/api/public/organizations/apachejunctionpdaz/stats/
2026-09-15T23:08:15Z,apopkapd,Connect Apopka,Apopka,FL,174,7852,224,6894,500,221,2026-09-15T23:08:30Z,1,ok,200,,,https://api.fususone.com/api/public/organizations/apopkapd/stats/
2026-09-15T23:08:15Z,arlingtonheightspd,Connect Arlington Heights,Arlington Heights,IL,652,1142,379,763,1500,363,2026-09-15T23:08:31Z,1,ok,200,,,https://api.fususone.com/api/public/organizations/arlingtonheightspd/stats/
2026-09-15T23:08:15Z,artesianmpd,Connect Artesia,Artesia,MN,57,209,209,0,0,207,2026-09-15T23:08:32Z,1,ok,200,,,https://api.fususone.com/api/public/organizations/artesianmpd/stats/
2026-09-15T23:08:15Z,ashevillepdnc,Connect Asheville,Asheville,NC,11,19,19,0,500,7,2026-09-15T23:08:33Z,1,ok,200,,,https://api.fususone.com/api/public/organizations/ashevillepdnc/stats/
2026-09-15T23:08:15Z,ashlandpdal,Connect Ashland,Ashland,AL,8,673,49,624,125,49,2026-09-15T23:08:34Z,1,ok,200,,,https://api.fususone.com/api/public/organizations/ashlandpdal/stats/
2026-09-15T23:08:15Z,auroragov,Connect Aurora,Aurora,CO,55,930,930,0,10000,930,2026-09-15T23:08:35Z,1,ok,200,,,https://api.fususone.com/api/public/organizations/auroragov/stats/
2026-09-15T23:08:15Z,baltimorecountypd,Connect Baltimore County,Baltimore County,MD,4,592,531,61,5000,500,2026-09-15T23:08:36Z,1,ok,200,,,https://api.fususone.com/api/public/organizations/baltimorecountypd/stats/
2026-09-15T23:08:15Z,bartowfl,Connect Bartow,Bartow,FL,0,34,34,0,0,32,2026-09-15T23:08:37Z,1,ok,200,,,https://api.fususone.com/api/public/organizations/bartowfl/stats/
2026-09-15T23:08:15Z,baycounty,Connect Bay County,Bay County,FL,1709,1504,1150,289,1500,1122,2026-09-15T23:08:38Z,1,ok,200,,,https://api.fususone.com/api/public/organizations/baycounty/stats/
2026-09-15T23:08:15Z,beaumonttx,Connect Southeast Texas,Southeast Texas,TX,4033,3793,1529,2094,4500,755,2026-09-15T23:08:39Z,1,ok,200,,,https://api.fususone.com/api/public/organizations/beaumonttx/stats/
2026-09-15T23:08:15Z,bedfordparkpd,Connect Bedford Park,Bedford Park,IL,126,282,217,3,500,200,2026-09-15T23:08:40Z,1,ok,200,,,https://api.fususone.com/api/public/organizations/bedfordparkpd/stats/
2026-09-15T23:08:15Z,bendpd,Connect Bend,Bend,OR,774,322,254,68,150,210,2026-09-15T23:08:41Z,1,ok,200,,,https://api.fususone.com/api/public/organizations/bendpd/stats/
2026-09-15T23:08:15Z,bensalem,Connect Bensalem,Bensalem,PA,1174,1006,990,16,1500,978,2026-09-15T23:08:42Z,1,ok,200,,,https://api.fususone.com/api/public/organizations/bensalem/stats/
2026-09-15T23:08:15Z,bernalillo,Connect Bernalillo County,Bernalillo County,NM,216,453,373,80,500,293,2026-09-15T23:08:43Z,1,ok,200,,,https://api.fususone.com/api/public/organizations/bernalillo/stats/
2026-09-15T23:08:15Z,beverlyhillspd,Beverly Hills Connect,Beverly Hills,CA,520,1883,1782,101,1750,1776,2026-09-15T23:08:44Z,1,ok,200,,,https://api.fususone.com/api/public/organizations/beverlyhillspd/stats/
2026-09-15T23:08:15Z,biloxi,Connect Biloxi,Biloxi,MS,157,846,423,373,1000,416,2026-09-15T23:08:45Z,1,ok,200,,,https://api.fususone.com/api/public/organizations/biloxi/stats/
2026-09-15T23:08:15Z,birminghampd,Connect Birmingham,Birmingham,AL,773,948,280,212,10000,237,2026-09-15T23:08:46Z,1,ok,200,,,https://api.fususone.com/api/public/organizations/birminghampd/stats/
2026-09-15T23:08:15Z,blackmanleonitwp,Connect Blackman Leoni Township,Blackman Leoni Township,MI,1,3,3,0,0,3,2026-09-15T23:08:47Z,1,ok,200,,,https://api.fususone.com/api/public/organizations/blackmanleonitwp/stats/
2026-09-15T23:08:15Z,bocaratonpdfl,Connect BRPD,Boca Raton,FL,5,911,677,8,0,654,2026-09-15T23:08:48Z,1,ok,200,,,https://api.fususone.com/api/public/organizations/bocaratonpdfl/stats/
2026-09-15T23:08:15Z,boernepdtx,Connect Boerne,Boerne,TX,0,77,77,0,0,77,2026-09-15T23:08:49Z,1,ok,200,,,https://api.fususone.com/api/public/organizations/boernepdtx/stats/
2026-09-15T23:08:15Z,boulderpdco,Boulder Community Connect,Boulder,CO,0,161,161,0,0,108,2026-09-15T23:08:50Z,1,ok,200,,,https://api.fususone.com/api/public/organizations/boulderpdco/stats/
2026-09-15T23:08:15Z,bradentonfl,Connect Bradenton,Bradenton,FL,319,3160,269,2891,1500,258,2026-09-15T23:08:51Z,1,ok,200,,,https://api.fususone.com/api/public/organizations/bradentonfl/stats/
2026-09-15T23:08:15Z,brazostx,Connect Brazos County,Brazos County,TX,155,197,176,0,1500,158,2026-09-15T23:08:52Z,1,ok,200,,,https://api.fususone.com/api/public/organizations/brazostx/stats/
2026-09-15T23:08:15Z,brooklynparkpdmn,Brooklyn Park Community Cameras,Brooklyn Park,MN,503,240,229,0,0,205,2026-09-15T23:08:53Z,1,ok,200,,,https://api.fususone.com/api/public/organizations/brooklynparkpdmn/stats/
2026-09-15T23:08:15Z,brownsvillepd,Connect Brownsville,Brownsville,TX,664,219,219,0,500,199,2026-09-15T23:08:54Z,1,ok,200,,,https://api.fususone.com/api/public/organizations/brownsvillepd/stats/
2026-09-15T23:08:15Z,buncombesheriff,Connect Buncombe County,Buncombe County,NC,563,2657,437,2220,4500,316,2026-09-15T23:08:55Z,1,ok,200,,,https://api.fususone.com/api/public/organizations/buncombesheriff/stats/
2026-09-15T23:08:15Z,burbankpdil,Connect Burbank,Burbank,IL,304,425,399,3,150,399,2026-09-15T23:08:56Z,1,ok,200,,,https://api.fususone.com/api/public/organizations/burbankpdil/stats/
2026-09-15T23:08:15Z,calcasieusheriff,Connect Calcasieu Parish,Calcasieu Parish,LA,3,98,98,0,10000,98,2026-09-15T23:08:57Z,1,ok,200,,,https://api.fususone.com/api/public/organizations/calcasieusheriff/stats/
2026-09-15T23:08:15Z,caldwellpdid,Connect Caldwell,Caldwell,ID,61,215,215,0,225,204,2026-09-15T23:08:58Z,1,ok,200,,,https://api.fususone.com/api/public/organizations/caldwellpdid/stats/
2026-09-15T23:08:15Z,campbellpd,Connect Campbell,Campbell,CA,198,313,281,32,10000,270,2026-09-15T23:08:59Z,1,ok,200,,,https://api.fususone.com/api/public/organizations/campbellpd/stats/
2026-09-15T23:08:15Z,carencropd,Connect Carencro,Carencro,LA,85,1610,215,12,914,215,2026-09-15T23:09:00Z,1,ok,200,,,https://api.fususone.com/api/public/organizations/carencropd/stats/
2026-09-15T23:08:15Z,carlsbadpdnm,Connect Carlsbad,Carlsbad,NM,3,12,12,0,0,4,2026-09-15T23:09:01Z,1,ok,200,,,https://api.fususone.com/api/public/organizations/carlsbadpdnm/stats/
2026-09-15T23:08:15Z,carypd,Connect Cary,Cary,NC,37,1267,841,0,1500,840,2026-09-15T23:09:02Z,1,ok,200,,,https://api.fususone.com/api/public/organizations/carypd/stats/
2026-09-15T23:08:15Z,charlestonpd,Connect Charleston,Charleston,SC,300,577,501,25,500,466,2026-09-15T23:09:03Z,1,ok,200,,,https://api.fususone.com/api/public/organizations/charlestonpd/stats/
2026-09-15T23:08:15Z,charlottecounty,Connect Charlotte County,Charlotte County,FL,2327,3826,353,3391,1500,330,2026-09-15T23:09:04Z,1,ok,200,,,https://api.fususone.com/api/public/organizations/charlottecounty/stats/
2026-09-15T23:08:15Z,charlottemecklenburg,Connect Charlotte,Charlotte,NC,3086,1728,1523,21,1500,1377,2026-09-15T23:09:05Z,1,ok,200,,,https://api.fususone.com/api/public/organizations/charlottemecklenburg/stats/
2026-09-15T23:08:15Z,chattanoogapd,Dragonfly Community Connect,Chattanooga,TN,0,774,773,1,1500,764,2026-09-15T23:09:06Z,1,ok,200,,,https://api.fususone.com/api/public/organizations/chattanoogapd/stats/
2026-09-15T23:08:15Z,cherokeega,Connect Cherokee,Cherokee County,GA,624,13420,622,548,2500,566,2026-09-15T23:09:07Z,1,ok,200,,,https://api.fususone.com/api/public/organizations/cherokeega/stats/
2026-09-15T23:08:15Z,chesterfieldcounty,Chesterfield Community Connect Program,Chesterfield County,VA,768,11171,1010,10099,4500,949,2026-09-15T23:09:08Z,1,ok,200,,,https://api.fususone.com/api/public/organizations/chesterfieldcounty/stats/
2026-09-15T23:08:15Z,chicagoheights,Connect Chicago Heights,Chicago Heights,IL,221,1221,1168,0,500,725,2026-09-15T23:09:09Z,1,ok,200,,,https://api.fususone.com/api/public/organizations/chicagoheights/stats/
2026-09-15T23:08:15Z,chicopee,Connect Chicopee,Chicopee,MA,128,512,512,0,1500,509,2026-09-15T23:09:10Z,1,ok,200,,,https://api.fususone.com/api/public/organizations/chicopee/stats/
2026-09-15T23:08:15Z,ciceropd,Cicero SAFE (Shared Access For Enforcement),Cicero,IL,29,549,549,0,1500,541,2026-09-15T23:09:11Z,1,ok,200,,,https://api.fususone.com/api/public/organizations/ciceropd/stats/
2026-09-15T23:08:15Z,cincinnatipd,Connect Cincinnati,Cincinnati,OH,1713,844,801,43,1500,746,2026-09-15T23:09:12Z,1,ok,200,,,https://api.fususone.com/api/public/organizations/cincinnatipd/stats/
2026-09-15T23:08:15Z,cityofatlanta,Connect Atlanta,Atlanta,GA,17517,28373,2583,11643,29250,2549,2026-09-15T23:09:13Z,1,ok,200,,,https://api.fususone.com/api/public/organizations/cityofatlanta/stats/
2026-09-15T23:08:15Z,cityofcanton,Connect Canton,Canton,MS,0,31,0,31,10000,0,2026-09-15T23:09:14Z,1,ok,200,,,https://api.fususone.com/api/public/organizations/cityofcanton/stats/
2026-09-15T23:08:15Z,cityofdoralpd,Connect Doral,Doral,FL,221,3425,397,3028,10000,243,2026-09-15T23:09:15Z,1,ok,200,,,https://api.fususone.com/api/public/organizations/cityofdoralpd/stats/
2026-09-15T23:08:15Z,cityofhawthorne,Connect Hawthorne,Hawthorne,CA,0,3715,874,2841,1500,844,2026-09-15T23:09:16Z,1,ok,200,,,https://api.fususone.com/api/public/organizations/cityofhawthorne/stats/
2026-09-15T23:08:15Z,cityofmanchester,Connect Manchester,City of Manchester,NH,584,1006,436,570,1500,434,2026-09-15T23:09:17Z,1,ok,200,,,https://api.fususone.com/api/public/organizations/cityofmanchester/stats/
2026-09-15T23:08:15Z,cityofmiamipd,Connect Miami,Miami,FL,2406,4383,1249,2905,1500,1231,2026-09-15T23:09:18Z,1,ok,200,,,https://api.fususone.com/api/public/organizations/cityofmiamipd/stats/
2026-09-15T23:08:15Z,cityofnewark,Connect Newark,Newark,NJ,1208,929,497,231,500,488,2026-09-15T23:09:19Z,1,ok,200,,,https://api.fususone.com/api/public/organizations/cityofnewark/stats/
2026-09-15T23:08:15Z,cityofomaha,Connect Omaha,Omaha,NE,1257,1559,760,698,1500,685,2026-09-15T23:09:20Z,1,ok,200,,,https://api.fususone.com/api/public/organizations/cityofomaha/stats/
2026-09-15T23:08:15Z,cityofoxford,Connect Oxford,City of Oxford,AL,12,1126,324,753,1500,321,2026-09-15T23:09:21Z,1,ok,200,,,https://api.fususone.com/api/public/organizations/cityofoxford/stats/
2026-09-15T23:08:15Z,cityofroswell,Connect Roswell,Roswell,GA,653,10641,512,373,2793,511,2026-09-15T23:09:22Z,1,ok,200,,,https://api.fususone.com/api/public/organizations/cityofroswell/stats/
2026-09-15T23:08:15Z,cityofshreveport,Connect Shreveport,Shreveport,LA,1141,2829,2320,509,1500,2332,2026-09-15T23:09:23Z,1,ok,200,,,https://api.fususone.com/api/public/organizations/cityofshreveport/stats/
2026-09-15T23:08:15Z,cityofstarkville,Connect Starkville,Starkville,MS,879,851,574,277,500,563,2026-09-15T23:09:24Z,1,ok,200,,,https://api.fususone.com/api/public/organizations/cityofstarkville/stats/
2026-09-15T23:08:15Z,cityofws,Connect Winston-Salem,the City of Winston-Salem,NC,1678,3276,1740,362,2000,1724,2026-09-15T23:09:25Z,1,ok,200,,,https://api.fususone.com/api/public/organizations/cityofws/stats/
2026-09-15T23:08:15Z,claycountysheriff,Connect Clay County,Clay County,FL,158,3433,3265,126,2000,3260,2026-09-15T23:09:26Z,1,ok,200,,,https://api.fususone.com/api/public/organizations/claycountysheriff/stats/
2026-09-15T23:08:15Z,claytoncountypd,Connect Clayton County,Clayton County,GA,398,10827,1025,294,8814,1010,2026-09-15T23:09:27Z,1,ok,200,,,https://api.fususone.com/api/public/organizations/claytoncountypd/stats/
2026-09-15T23:08:15Z,clearwaterpd,Clearwater Camera Sharing,Clearwater,FL,693,912,842,70,10000,792,2026-09-15T23:09:28Z,1,ok,200,,,https://api.fususone.com/api/public/organizations/clearwaterpd/stats/
2026-09-15T23:08:15Z,clermontpd,Connect Clermont,Clermont,FL,74,664,69,595,150,63,2026-09-15T23:09:29Z,1,ok,200,,,https://api.fususone.com/api/public/organizations/clermontpd/stats/
2026-09-15T23:08:15Z,clevelanddps,Safe Smart CLE,Cleveland,OH,1763,4169,4050,0,2375,4053,2026-09-15T23:09:30Z,1,ok,200,,,https://api.fususone.com/api/public/organizations/clevelanddps/stats/
2026-09-15T23:08:15Z,clevelandmetroparksoh,Cleveland Metroparks Connect,Cleveland Metroparks,OH,0,24,24,0,0,24,2026-09-15T23:09:31Z,1,ok,200,,,https://api.fususone.com/api/public/organizations/clevelandmetroparksoh/stats/
2026-09-15T23:08:15Z,cobbcountypd,Connect Cobb ,Cobb County,GA,3543,12810,1277,4093,9008,997,2026-09-15T23:09:32Z,1,ok,200,,,https://api.fususone.com/api/public/organizations/cobbcountypd/stats/
2026-09-15T23:08:15Z,collegeparkga,Connect College Park,College Park,GA,0,10505,171,426,2539,143,2026-09-15T23:09:33Z,1,ok,200,,,https://api.fususone.com/api/public/organizations/collegeparkga/stats/
2026-09-15T23:08:15Z,coloradospringspd,Together COS,Colorado Springs,CO,1313,1084,945,139,750,844,2026-09-15T23:09:34Z,1,ok,200,,,https://api.fususone.com/api/public/organizations/coloradospringspd/stats/
2026-09-15T23:08:15Z,coltonpdca,Connect Colton,Colton,CA,345,28,19,9,0,19,2026-09-15T23:09:35Z,1,ok,200,,,https://api.fususone.com/api/public/organizations/coltonpdca/stats/
2026-09-15T23:08:15Z,columbuspdga,Connect Columbus,"Columbus, Georgia",GA,2439,566,566,0,1500,557,2026-09-15T23:09:36Z,1,ok,200,,,https://api.fususone.com/api/public/organizations/columbuspdga/stats/
2026-09-15T23:08:15Z,connectnewportrichey,Connect New Port Richey,New Port Richey,FL,6,8,8,0,0,8,2026-09-15T23:09:37Z,1,ok,200,,,https://api.fususone.com/api/public/organizations/connectnewportrichey/stats/
2026-09-15T23:08:15Z,connecttallahassee,Connect Tallahassee,Tallahassee,FL,253,369,369,0,1500,349,2026-09-15T23:09:38Z,1,ok,200,,,https://api.fususone.com/api/public/organizations/connecttallahassee/stats/
2026-09-15T23:08:15Z,covinapdca,SaferCovina,Covina,CA,15,2,2,0,150,0,2026-09-15T23:09:39Z,1,ok,200,,,https://api.fususone.com/api/public/organizations/covinapdca/stats/
2026-09-15T23:08:15Z,crestviewpdfl,Connect Crestview,Crestview,FL,0,52,52,0,0,20,2026-09-15T23:09:40Z,1,ok,200,,,https://api.fususone.com/api/public/organizations/crestviewpdfl/stats/
2026-09-15T23:08:15Z,crestwoodpdil,Connect Crestwood,Crestwood,MN,0,90,4,86,0,0,2026-09-15T23:09:41Z,1,ok,200,,,https://api.fususone.com/api/public/organizations/crestwoodpdil/stats/
2026-09-15T23:08:15Z,cummingpdga,Connect Cumming,Cumming,GA,5,3094,167,367,1500,149,2026-09-15T23:09:42Z,1,ok,200,,,https://api.fususone.com/api/public/organizations/cummingpdga/stats/
2026-09-15T23:08:15Z,dallaspd,Connect Dallas,Dallas,TX,4054,1499,1140,358,1500,1040,2026-09-15T23:09:43Z,1,ok,200,,,https://api.fususone.com/api/public/organizations/dallaspd/stats/
2026-09-15T23:08:15Z,dalycitypdca,Connect Daly City,Daly City,CA,23,87,46,41,450,15,2026-09-15T23:09:44Z,1,ok,200,,,https://api.fususone.com/api/public/organizations/dalycitypdca/stats/
2026-09-15T23:08:15Z,danvillepd,"One Community, Connect Danville",Danville,VA,418,1755,342,1413,500,341,2026-09-15T23:09:45Z,1,ok,200,,,https://api.fususone.com/api/public/organizations/danvillepd/stats/
2026-09-15T23:08:15Z,dbsfl,Connect Daytona Beach Shores,Daytona Beach Shores,FL,3,72,72,0,0,70,2026-09-15T23:09:46Z,1,ok,200,,,https://api.fususone.com/api/public/organizations/dbsfl/stats/
2026-09-15T23:08:15Z,dcmetro,CameraConnectDC,Washington DC,DC,44118,1454,1259,119,4500,1127,2026-09-15T23:09:47Z,1,ok,200,,,https://api.fususone.com/api/public/organizations/dcmetro/stats/
2026-09-15T23:08:15Z,dealpdnj,Connect Deal,Deal,NJ,322,976,224,0,0,224,2026-09-15T23:09:48Z,1,ok,200,,,https://api.fususone.com/api/public/organizations/dealpdnj/stats/
2026-09-15T23:08:15Z,dearbornpdmi,Connect Dearborn,Dearborn,MI,686,674,513,4,1500,499,2026-09-15T23:09:49Z,1,ok,200,,,https://api.fususone.com/api/public/organizations/dearbornpdmi/stats/
2026-09-15T23:08:15Z,dekalbcountyga,Connect DeKalb County,DeKalb County,GA,3513,9123,901,44,1500,751,2026-09-15T23:09:50Z,1,ok,200,,,https://api.fususone.com/api/public/organizations/dekalbcountyga/stats/
2026-09-15T23:08:15Z,delraybeach,Connect Delray Beach,Delray Beach,FL,887,523,297,0,500,286,2026-09-15T23:09:51Z,1,ok,200,,,https://api.fususone.com/api/public/organizations/delraybeach/stats/
2026-09-15T23:08:15Z,dentonpdtx,Denton Connects,Denton,TX,2,186,186,0,0,183,2026-09-15T23:09:52Z,1,ok,200,,,https://api.fususone.com/api/public/organizations/dentonpdtx/stats/
2026-09-15T23:08:15Z,dothanpd,Connect Dothan,Dothan,AL,0,186,186,0,0,178,2026-09-15T23:09:53Z,1,ok,200,,,https://api.fususone.com/api/public/organizations/dothanpd/stats/
2026-09-15T23:08:15Z,douglascountysonv,Safer Douglas County,Douglas County,NV,0,50,50,0,100,50,2026-09-15T23:09:54Z,1,ok,200,,,https://api.fususone.com/api/public/organizations/douglascountysonv/stats/
2026-09-15T23:08:15Z,douglasvillepolice,Connect Douglasville,Douglasville ,GA,260,12889,397,3354,10000,397,2026-09-15T23:09:55Z,1,ok,200,,,https://api.fususone.com/api/public/organizations/douglasvillepolice/stats/
2026-09-15T23:08:15Z,duncanvillepdtx,Connect Duncanville,Duncanville,TX,15,128,120,8,0,116,2026-09-15T23:09:56Z,1,ok,200,,,https://api.fususone.com/api/public/organizations/duncanvillepdtx/stats/
2026-09-15T23:08:15Z,eaganpdmn,Connect Eagan,Eagan,MN,21,76,76,0,0,76,2026-09-15T23:09:57Z,1,ok,200,,,https://api.fususone.com/api/public/organizations/eaganpdmn/stats/
2026-09-15T23:08:15Z,eastbatonrougesola,Connect East Baton Rouge,East Baton Rouge,LA,28,66,27,39,500,27,2026-09-15T23:09:58Z,1,ok,200,,,https://api.fususone.com/api/public/organizations/eastbatonrougesola/stats/
2026-09-15T23:08:15Z,eastpointpdga,Connect East Point,East Point,GA,60,5112,382,469,500,374,2026-09-15T23:09:59Z,1,ok,200,,,https://api.fususone.com/api/public/organizations/eastpointpdga/stats/
2026-09-15T23:08:15Z,elcajonpdca,Connect El Cajon,El Cajon,CA,51,221,185,36,0,166,2026-09-15T23:10:00Z,1,ok,200,,,https://api.fususone.com/api/public/organizations/elcajonpdca/stats/
2026-09-15T23:08:15Z,elizabethnj,Connect Elizabeth,Elizabeth,NJ,184,3442,625,2566,2690,594,2026-09-15T23:10:01Z,1,ok,200,,,https://api.fususone.com/api/public/organizations/elizabethnj/stats/
2026-09-15T23:08:15Z,elyriapdoh,Connect Elyria,Elyria,OH,174,280,231,49,150,219,2026-09-15T23:10:02Z,1,ok,200,,,https://api.fususone.com/api/public/organizations/elyriapdoh/stats/
2026-09-15T23:08:15Z,escambiafl,Star Network,Escambia County,FL,1488,1265,917,109,1500,367,2026-09-15T23:10:03Z,1,ok,200,,,https://api.fususone.com/api/public/organizations/escambiafl/stats/
2026-09-15T23:08:15Z,euclidpdoh,Connect Euclid,Euclid,OH,288,209,209,0,0,209,2026-09-15T23:10:04Z,1,ok,200,,,https://api.fususone.com/api/public/organizations/euclidpdoh/stats/
2026-09-15T23:08:15Z,eurekapdmo,Connect Eureka,Eureka,MO,183,11,0,11,0,0,2026-09-15T23:10:05Z,1,ok,200,,,https://api.fususone.com/api/public/organizations/eurekapdmo/stats/
2026-09-15T23:08:15Z,fairfaxcopd,Connect Fairfax County,Fairfax County,VA,3526,2188,724,1425,1500,623,2026-09-15T23:10:06Z,1,ok,200,,,https://api.fususone.com/api/public/organizations/fairfaxcopd/stats/
2026-09-15T23:08:15Z,farmingtonpd,Connect Farmington,Farmington ,NM,55,545,545,0,1500,529,2026-09-15T23:10:07Z,2,ok,200,,,https://api.fususone.com/api/public/organizations/farmingtonpd/stats/
2026-09-15T23:08:15Z,fayettevillepd,Connect Fayetteville,Fayetteville,NC,1532,533,442,48,1500,439,2026-09-15T23:10:08Z,1,ok,200,,,https://api.fususone.com/api/public/organizations/fayettevillepd/stats/
2026-09-15T23:08:15Z,federalwaypdwa,Connect Federal Way,Federal Way,WA,0,247,247,0,0,242,2026-09-15T23:10:09Z,1,ok,200,,,https://api.fususone.com/api/public/organizations/federalwaypdwa/stats/
2026-09-15T23:08:15Z,flaglercountysheriff,Connect Flagler County,Flagler County,FL,932,2169,1962,0,10000,1942,2026-09-15T23:10:10Z,1,ok,200,,,https://api.fususone.com/api/public/organizations/flaglercountysheriff/stats/
2026-09-15T23:08:15Z,forestparkpd,Connect Forest Park,Forest Park,GA,13,10503,239,295,10000,221,2026-09-15T23:10:11Z,1,ok,200,,,https://api.fususone.com/api/public/organizations/forestparkpd/stats/
2026-09-15T23:08:15Z,forsyth,Connect Forsyth County,"Forsyth County, NC",SC,1441,1052,495,183,500,475,2026-09-15T23:10:12Z,1,ok,200,,,https://api.fususone.com/api/public/organizations/forsyth/stats/
2026-09-15T23:08:15Z,forsythcosoga,Connect Forsyth County,Forsyth County,GA,776,6923,93,3347,1500,93,2026-09-15T23:10:13Z,1,ok,200,,,https://api.fususone.com/api/public/organizations/forsythcosoga/stats/
2026-09-15T23:08:15Z,fortbendcounty,Connect Fort Bend,Fort Bend County,TX,559,205,201,4,500,201,2026-09-15T23:10:14Z,1,ok,200,,,https://api.fususone.com/api/public/organizations/fortbendcounty/stats/
2026-09-15T23:08:15Z,fortwaltonbeachpd,Connect Fort Walton Beach,Fort Walton Beach,FL,6,261,222,9,300,226,2026-09-15T23:10:15Z,1,ok,200,,,https://api.fususone.com/api/public/organizations/fortwaltonbeachpd/stats/
2026-09-15T23:08:15Z,garypd,Connect Gary,Gary,IN,1672,1321,795,0,1500,750,2026-09-15T23:10:16Z,1,ok,200,,,https://api.fususone.com/api/public/organizations/garypd/stats/
2026-09-15T23:08:15Z,glendorapdca,Connect Glendora,Glendora,CA,20,101,101,0,0,101,2026-09-15T23:10:17Z,1,ok,200,,,https://api.fususone.com/api/public/organizations/glendorapdca/stats/
2026-09-15T23:08:15Z,grapevinepdtx,Connect Grapevine,Grapevine,TX,2,261,230,25,1,213,2026-09-15T23:10:18Z,1,ok,200,,,https://api.fususone.com/api/public/organizations/grapevinepdtx/stats/
2026-09-15T23:08:15Z,greeleypd,Connect Greeley,Greeley,CO,247,2415,245,2170,1500,229,2026-09-15T23:10:19Z,1,ok,200,,,https://api.fususone.com/api/public/organizations/greeleypd/stats/
2026-09-15T23:08:15Z,greensboropd,Connect Greensboro,Greensboro,NC,752,1178,716,156,1501,676,2026-09-15T23:10:20Z,1,ok,200,,,https://api.fususone.com/api/public/organizations/greensboropd/stats/
2026-09-15T23:08:15Z,greenvillecsosc,Connect Greenville County,Greenville County,SC,203,281,232,49,3000,232,2026-09-15T23:10:21Z,1,ok,200,,,https://api.fususone.com/api/public/organizations/greenvillecsosc/stats/
2026-09-15T23:08:15Z,guilfordsheriff,Connect Guilford County,Guilford County ,NC,869,226,181,40,500,180,2026-09-15T23:10:22Z,1,ok,200,,,https://api.fususone.com/api/public/organizations/guilfordsheriff/stats/
2026-09-15T23:08:15Z,hainescitypdfl,Connect Haines City,Haines City,FL,3,127,127,0,150,125,2026-09-15T23:10:23Z,1,ok,200,,,https://api.fususone.com/api/public/organizations/hainescitypdfl/stats/
2026-09-15T23:08:15Z,hamiltoncoso,Connect Hamilton County,Hamilton County,OH,1692,472,472,0,2000,472,2026-09-15T23:10:24Z,1,ok,200,,,https://api.fususone.com/api/public/organizations/hamiltoncoso/stats/
2026-09-15T23:08:15Z,hammondpd,Hammond BlueNET,Hammond,IN,1221,1325,1193,10,1500,823,2026-09-15T23:10:25Z,1,ok,200,,,https://api.fususone.com/api/public/organizations/hammondpd/stats/
2026-09-15T23:08:15Z,hamptonpdva,Connect Hampton,Hampton,VA,2,162,161,1,1,153,2026-09-15T23:10:26Z,1,ok,200,,,https://api.fususone.com/api/public/organizations/hamptonpdva/stats/
2026-09-15T23:08:15Z,hanoverparkpdil,Connect Hanover Park,Hanover Park,IL,0,70,70,0,225,66,2026-09-15T23:10:27Z,1,ok,200,,,https://api.fususone.com/api/public/organizations/hanoverparkpdil/stats/
2026-09-15T23:08:15Z,harrisoncso,Connect Harrison County,Harrison County,MS,549,504,76,57,1000,72,2026-09-15T23:10:28Z,1,ok,200,,,https://api.fususone.com/api/public/organizations/harrisoncso/stats/
2026-09-15T23:08:15Z,hartfordpd,Connect Hartford,Hartford,CT,228,1101,1101,0,2000,646,2026-09-15T23:10:29Z,1,ok,200,,,https://api.fususone.com/api/public/organizations/hartfordpd/stats/
2026-09-15T23:08:15Z,harveypdil,Connect Harvey,Harvey,IL,0,55,55,0,1500,34,2026-09-15T23:10:30Z,1,ok,200,,,https://api.fususone.com/api/public/organizations/harveypdil/stats/
2026-09-15T23:08:15Z,hcso,Connect Hillsborough,Hillsborough County,FL,289,4851,1653,3151,1000,1575,2026-09-15T23:10:31Z,1,ok,200,,,https://api.fususone.com/api/public/organizations/hcso/stats/
2026-09-15T23:08:15Z,hennepincountyso,Connect Hennepin County,Hennepin County,MN,451,3015,389,1766,1500,389,2026-09-15T23:10:32Z,1,ok,200,,,https://api.fususone.com/api/public/organizations/hennepincountyso/stats/
2026-09-15T23:08:15Z,henricocountypdva,Connect Henrico County,Henrico County,VA,66,2234,809,1385,1500,811,2026-09-15T23:10:33Z,1,ok,200,,,https://api.fususone.com/api/public/organizations/henricocountypdva/stats/
2026-09-15T23:08:15Z,henrycountypd,Henry Safer Together,Henry County,GA,4971,13830,677,3626,7950,670,2026-09-15T23:10:34Z,1,ok,200,,,https://api.fususone.com/api/public/organizations/henrycountypd/stats/
2026-09-15T23:08:15Z,herndonpdva,Connect Herndon,Herndon,VA,26,42,42,0,150,42,2026-09-15T23:10:35Z,1,ok,200,,,https://api.fususone.com/api/public/organizations/herndonpdva/stats/
2026-09-15T23:08:15Z,highpointncpd,Link High Point,High Point,NC,1243,573,474,0,500,468,2026-09-15T23:10:36Z,1,ok,200,,,https://api.fususone.com/api/public/organizations/highpointncpd/stats/
2026-09-15T23:08:15Z,hoodcoso,Connect Hood County,Hood County,TX,0,222,222,0,0,222,2026-09-15T23:10:37Z,1,ok,200,,,https://api.fususone.com/api/public/organizations/hoodcoso/stats/
2026-09-15T23:08:15Z,hooverpd,Connect Hoover,Hoover,AL,36,917,393,0,1500,391,2026-09-15T23:10:38Z,1,ok,200,,,https://api.fususone.com/api/public/organizations/hooverpd/stats/
2026-09-15T23:08:15Z,hopemillspd,Connect Hope Mills,Hope Mills,NC,17,335,63,0,10000,63,2026-09-15T23:10:39Z,1,ok,200,,,https://api.fususone.com/api/public/organizations/hopemillspd/stats/
2026-09-15T23:08:15Z,ilstatepolice,Connect Illinois,Illinois,IL,18,1476,789,0,1500,786,2026-09-15T23:10:40Z,1,ok,200,,,https://api.fususone.com/api/public/organizations/ilstatepolice/stats/
2026-09-15T23:08:15Z,indianriversheriff,Connect Indian River County,Indian River County,FL,220,2492,808,1530,1500,738,2026-09-15T23:10:41Z,1,ok,200,,,https://api.fususone.com/api/public/organizations/indianriversheriff/stats/
2026-09-15T23:08:15Z,irvingpdtx,Connect Irving,Irving,TX,61,1446,1246,200,1500,1158,2026-09-15T23:10:42Z,1,ok,200,,,https://api.fususone.com/api/public/organizations/irvingpdtx/stats/
2026-09-15T23:08:15Z,jacksonms,Connect Jackson MS,Jackson,MS,324,1246,735,505,2067,728,2026-09-15T23:10:44Z,1,ok,200,,,https://api.fususone.com/api/public/organizations/jacksonms/stats/
2026-09-15T23:08:15Z,jacksonpdtn,"Safe Jackson, TN",Jackson,TN,0,364,302,0,500,281,2026-09-15T23:10:45Z,1,ok,200,,,https://api.fususone.com/api/public/organizations/jacksonpdtn/stats/
2026-09-15T23:08:15Z,jacksonvillesheriff,ConnectDuval,Duval County,FL,6800,9707,2586,6975,1500,1638,2026-09-15T23:10:46Z,1,ok,200,,,https://api.fususone.com/api/public/organizations/jacksonvillesheriff/stats/
2026-09-15T23:08:15Z,jeffersoncountysheriff,Connect Jefferson County,Jefferson County,AL,1469,2674,1788,808,1500,1786,2026-09-15T23:10:47Z,1,ok,200,,,https://api.fususone.com/api/public/organizations/jeffersoncountysheriff/stats/
2026-09-15T23:08:15Z,kalamazoodps,Connect Kalamazoo,Kalamazoo,MI,837,1104,1104,0,1500,1093,2026-09-15T23:10:48Z,1,ok,200,,,https://api.fususone.com/api/public/organizations/kalamazoodps/stats/
2026-09-15T23:08:15Z,kansascitykspd,Connect KCK,"Kansas City, Kansas",KS,3340,1193,1148,45,1500,1144,2026-09-15T23:10:49Z,1,ok,200,,,https://api.fususone.com/api/public/organizations/kansascitykspd/stats/
2026-09-15T23:08:15Z,kennesawpd,Connect Kennesaw,Kennesaw,GA,566,9229,257,34,500,256,2026-09-15T23:10:50Z,1,ok,200,,,https://api.fususone.com/api/public/organizations/kennesawpd/stats/
2026-09-15T23:08:15Z,kentcountysd,The Kent Safety Network,Kent County,MI,575,2705,735,1942,4500,485,2026-09-15T23:10:51Z,1,ok,200,,,https://api.fususone.com/api/public/organizations/kentcountysd/stats/
2026-09-15T23:08:15Z,killeenpd,KPD Connect,Killeen,TX,1406,505,505,0,1500,497,2026-09-15T23:10:52Z,1,ok,200,,,https://api.fususone.com/api/public/organizations/killeenpd/stats/
2026-09-15T23:08:15Z,knoxvillepdtn,Connect Knoxville,Knoxville,TN,581,682,552,130,500,187,2026-09-15T23:10:53Z,1,ok,200,,,https://api.fususone.com/api/public/organizations/knoxvillepdtn/stats/
2026-09-15T23:08:15Z,kylepdtx,Connect Kyle,Kyle,TX,153,110,110,0,500,110,2026-09-15T23:10:54Z,1,ok,200,,,https://api.fususone.com/api/public/organizations/kylepdtx/stats/
2026-09-15T23:08:15Z,lafayettepd,Connect Lafayette,Lafayette,LA,378,2210,1576,350,1500,1545,2026-09-15T23:10:55Z,1,ok,200,,,https://api.fususone.com/api/public/organizations/lafayettepd/stats/
2026-09-15T23:08:15Z,lafourcheparishso,Connect Lafourche Parish,Lafourche Parish,LA,755,136,136,0,500,136,2026-09-15T23:10:56Z,1,ok,200,,,https://api.fususone.com/api/public/organizations/lafourcheparishso/stats/
2026-09-15T23:08:15Z,lagrangepd,Connect Lagrange,Lagrange,GA,37,58,58,0,150,52,2026-09-15T23:10:57Z,1,ok,200,,,https://api.fususone.com/api/public/organizations/lagrangepd/stats/
2026-09-15T23:08:15Z,lagunabeachpd,Connect Laguna Beach,Laguna Beach,CA,0,25,25,0,148,25,2026-09-15T23:10:58Z,1,ok,200,,,https://api.fususone.com/api/public/organizations/lagunabeachpd/stats/
2026-09-15T23:08:15Z,lakecountysheriff,Connect Lake County,Lake County,FL,2249,6351,96,5760,1500,80,2026-09-15T23:10:59Z,1,ok,200,,,https://api.fususone.com/api/public/organizations/lakecountysheriff/stats/
2026-09-15T23:08:15Z,lakewoodpdco,Connect Lakewood,Lakewood,CO,151,496,496,0,0,484,2026-09-15T23:11:00Z,1,ok,200,,,https://api.fususone.com/api/public/organizations/lakewoodpdco/stats/
2026-09-15T23:08:15Z,lapd,Connect Los Angeles,Los Angeles,CA,0,271,271,0,0,216,2026-09-15T23:11:01Z,1,ok,200,,,https://api.fususone.com/api/public/organizations/lapd/stats/
2026-09-15T23:08:15Z,lasd,Connect Los Angeles County,Los Angeles County,CA,2177,2999,1595,1404,1500,442,2026-09-15T23:11:02Z,1,ok,200,,,https://api.fususone.com/api/public/organizations/lasd/stats/
2026-09-15T23:08:15Z,lawrencepdks,Connect Lawrence,Lawrence,KS,132,467,467,0,500,467,2026-09-15T23:11:03Z,1,ok,200,,,https://api.fususone.com/api/public/organizations/lawrencepdks/stats/
2026-09-15T23:08:15Z,lawrencevillepdga,Connect Lawrenceville,"Lawrenceville, Georgia",GA,0,707,456,193,1,453,2026-09-15T23:11:04Z,1,ok,200,,,https://api.fususone.com/api/public/organizations/lawrencevillepdga/stats/
2026-09-15T23:08:15Z,lawtonpdok,Connect Lawton,Lawton,OK,0,24,24,0,0,24,2026-09-15T23:11:05Z,1,ok,200,,,https://api.fususone.com/api/public/organizations/lawtonpdok/stats/
2026-09-15T23:08:15Z,leavenworthpdks,Connect Leavenworth,Leavenworth,KS,0,47,47,0,0,47,2026-09-15T23:11:06Z,1,ok,200,,,https://api.fususone.com/api/public/organizations/leavenworthpdks/stats/
2026-09-15T23:08:15Z,lenexapdks,Connect Lenexa,Lenexa,KS,0,1169,334,0,0,324,2026-09-15T23:11:07Z,1,ok,200,,,https://api.fususone.com/api/public/organizations/lenexapdks/stats/
2026-09-15T23:08:15Z,lexingtonky,Connect Lexington,Lexington,KY,2107,1087,811,275,10000,807,2026-09-15T23:11:08Z,1,ok,200,,,https://api.fususone.com/api/public/organizations/lexingtonky/stats/
2026-09-15T23:08:15Z,lincolnbrookhaven,Connect Brookhaven and Lincoln County,Brookhaven and Lincoln County,MS,124,181,181,0,10000,179,2026-09-15T23:11:09Z,1,ok,200,,,https://api.fususone.com/api/public/organizations/lincolnbrookhaven/stats/
2026-09-15T23:08:15Z,littlerockpd,Connect Little Rock,Little Rock,AR,2859,2567,1797,542,1500,1904,2026-09-15T23:11:10Z,1,ok,200,,,https://api.fususone.com/api/public/organizations/littlerockpd/stats/
2026-09-15T23:08:15Z,losgatospdca,Community Protecht,Los Gatos,CA,0,38,38,0,0,33,2026-09-15T23:11:11Z,1,ok,200,,,https://api.fususone.com/api/public/organizations/losgatospdca/stats/
2026-09-15T23:08:15Z,louisvillemetro,Connect Louisville,Louisville,KY,1021,1733,1490,240,1500,1446,2026-09-15T23:11:12Z,1,ok,200,,,https://api.fususone.com/api/public/organizations/louisvillemetro/stats/
2026-09-15T23:08:15Z,lynchburgpd,Hill City Connect,Lynchburg,VA,1388,716,716,0,1500,708,2026-09-15T23:11:13Z,1,ok,200,,,https://api.fususone.com/api/public/organizations/lynchburgpd/stats/
2026-09-15T23:08:15Z,madisonthecity,Connect Madison,Madison,MS,33,170,85,0,1500,62,2026-09-15T23:11:14Z,1,ok,200,,,https://api.fususone.com/api/public/organizations/madisonthecity/stats/
2026-09-15T23:08:15Z,manassaspdva,Connect Manassas City,Manassas City,VA,0,451,48,403,0,48,2026-09-15T23:11:15Z,1,ok,200,,,https://api.fususone.com/api/public/organizations/manassaspdva/stats/
2026-09-15T23:08:15Z,manhattanbeach,Connect Manhattan Beach,Manhattan Beach,CA,7,2881,167,2714,10000,164,2026-09-15T23:11:16Z,1,ok,200,,,https://api.fususone.com/api/public/organizations/manhattanbeach/stats/
2026-09-15T23:08:15Z,manheimtwp,Connect Manheim Township,Manheim Township,PA,0,30,30,0,0,27,2026-09-15T23:11:17Z,1,ok,200,,,https://api.fususone.com/api/public/organizations/manheimtwp/stats/
2026-09-15T23:08:15Z,martincountyso,Connect Martin County,Martin County,FL,1143,6030,585,5179,1500,504,2026-09-15T23:11:18Z,2,ok,200,,,https://api.fususone.com/api/public/organizations/martincountyso/stats/
2026-09-15T23:08:15Z,mcpdmd,MoCoConnect,Montgomery County,MD,2252,1999,1200,595,10000,1150,2026-09-15T23:11:19Z,1,ok,200,,,https://api.fususone.com/api/public/organizations/mcpdmd/stats/
2026-09-15T23:08:15Z,mcso-tn,Connect Madison County,Madison County,TN,0,621,365,0,150,365,2026-09-15T23:11:20Z,1,ok,200,,,https://api.fususone.com/api/public/organizations/mcso-tn/stats/
2026-09-15T23:08:15Z,melroseparkpdil,Connect Melrose Park,Melrose Park,IL,32,231,196,35,0,192,2026-09-15T23:11:21Z,1,ok,200,,,https://api.fususone.com/api/public/organizations/melroseparkpdil/stats/
2026-09-15T23:08:15Z,memphispd,Connect Memphis,Memphis,TN,14121,3079,2256,665,2750,2112,2026-09-15T23:11:22Z,1,ok,200,,,https://api.fususone.com/api/public/organizations/memphispd/stats/
2026-09-15T23:08:15Z,mercedpdca,Merced Community Camera Program,Merced,CA,423,105,105,0,0,105,2026-09-15T23:11:23Z,1,ok,200,,,https://api.fususone.com/api/public/organizations/mercedpdca/stats/
2026-09-15T23:08:15Z,meridianpdms,Connect Meridian,Meridian,MS,0,303,303,0,10000,303,2026-09-15T23:11:24Z,1,ok,200,,,https://api.fususone.com/api/public/organizations/meridianpdms/stats/
2026-09-15T23:08:15Z,miamibeachpdfl,Connect Miami Beach,Miami Beach,FL,0,525,525,0,0,480,2026-09-15T23:11:25Z,1,ok,200,,,https://api.fususone.com/api/public/organizations/miamibeachpdfl/stats/
2026-09-15T23:08:15Z,miamidadepd,Connect Miami-Dade,Miami-Dade,FL,1249,1799,767,299,5000,694,2026-09-15T23:11:26Z,1,ok,200,,,https://api.fususone.com/api/public/organizations/miamidadepd/stats/
2026-09-15T23:08:15Z,milwaukeepd,Community Connect Milwaukee,Milwaukee,WI,1552,1225,1014,211,1500,985,2026-09-15T23:11:27Z,1,ok,200,,,https://api.fususone.com/api/public/organizations/milwaukeepd/stats/
2026-09-15T23:08:15Z,minnetonkapdmn,Keep Minnetonka Safe,Minnetonka,MN,692,1895,660,1235,1500,644,2026-09-15T23:11:28Z,1,ok,200,,,https://api.fususone.com/api/public/organizations/minnetonkapdmn/stats/
2026-09-15T23:08:15Z,missoulapdmt,Connect Missoula,Missoula,MT,99,25,25,0,0,25,2026-09-15T23:11:29Z,1,ok,200,,,https://api.fususone.com/api/public/organizations/missoulapdmt/stats/
2026-09-15T23:08:15Z,mobilepdal,Connect Mobile,Mobile,AL,0,259,259,0,0,259,2026-09-15T23:11:30Z,1,ok,200,,,https://api.fususone.com/api/public/organizations/mobilepdal/stats/
2026-09-15T23:08:15Z,modestopd,Connect Modesto,Modesto,CA,89,424,408,16,1500,392,2026-09-15T23:11:31Z,1,ok,200,,,https://api.fususone.com/api/public/organizations/modestopd/stats/
2026-09-15T23:08:15Z,monmouthcounty,Connect Monmouth County,Monmouth County,NJ,53,1810,1058,0,1500,1020,2026-09-15T23:11:32Z,1,ok,200,,,https://api.fususone.com/api/public/organizations/monmouthcounty/stats/
2026-09-15T23:08:15Z,monroecoso,Connect Monroe County,Monroe County,NY,181,783,783,0,10000,716,2026-09-15T23:11:33Z,1,ok,200,,,https://api.fususone.com/api/public/organizations/monroecoso/stats/
2026-09-15T23:08:15Z,montgomerypd-al,STAR Watch Program,Montgomery,AL,2915,960,263,631,1500,261,2026-09-15T23:11:34Z,1,ok,200,,,https://api.fususone.com/api/public/organizations/montgomerypd-al/stats/
2026-09-15T23:08:15Z,montgomeryso-al,Connect Montgomery County,Montgomery County,AL,23,295,86,0,402,86,2026-09-15T23:11:35Z,1,ok,200,,,https://api.fususone.com/api/public/organizations/montgomeryso-al/stats/
2026-09-15T23:08:15Z,montrosepdco,Connect Montrose,Montrose,CO,0,169,169,0,0,169,2026-09-15T23:11:36Z,1,ok,200,,,https://api.fususone.com/api/public/organizations/montrosepdco/stats/
2026-09-15T23:08:15Z,mooresvillepd,Connect Mooresville,Mooresville,NC,0,267,267,0,1500,267,2026-09-15T23:11:37Z,1,ok,200,,,https://api.fususone.com/api/public/organizations/mooresvillepd/stats/
2026-09-15T23:08:15Z,mpls,Connect Minneapolis,Minneapolis,MN,2644,2740,763,1429,1500,757,2026-09-15T23:11:38Z,1,ok,200,,,https://api.fususone.com/api/public/organizations/mpls/stats/
2026-09-15T23:08:15Z,munsterpdin,Connect Munster,Munster,IN,109,274,98,0,150,98,2026-09-15T23:11:39Z,1,ok,200,,,https://api.fususone.com/api/public/organizations/munsterpdin/stats/
2026-09-15T23:08:15Z,newbrunswickpdnj,Connect New Brunswick,New Brunswick,NJ,0,127,127,0,0,127,2026-09-15T23:11:40Z,1,ok,200,,,https://api.fususone.com/api/public/organizations/newbrunswickpdnj/stats/
2026-09-15T23:08:15Z,newcastlede,Connect New Castle County,New Castle County,DE,21,165,157,8,0,88,2026-09-15T23:11:41Z,1,ok,200,,,https://api.fususone.com/api/public/organizations/newcastlede/stats/
2026-09-15T23:08:15Z,newhavenct,Connect New Haven,New Haven,CT,193,699,699,0,1500,699,2026-09-15T23:11:42Z,1,ok,200,,,https://api.fususone.com/api/public/organizations/newhavenct/stats/
2026-09-15T23:08:15Z,newlondonpdct,Connect New London,New London,CT,0,5,5,0,0,3,2026-09-15T23:11:43Z,1,ok,200,,,https://api.fususone.com/api/public/organizations/newlondonpdct/stats/
2026-09-15T23:08:15Z,newportbeachpdca,Connect Newport Beach,Newport Beach,CA,397,234,175,59,1,134,2026-09-15T23:11:44Z,1,ok,200,,,https://api.fususone.com/api/public/organizations/newportbeachpdca/stats/
2026-09-15T23:08:15Z,newportnewspd,Connect Newport News,Newport News,VA,1414,2293,892,1385,1500,884,2026-09-15T23:11:45Z,1,ok,200,,,https://api.fususone.com/api/public/organizations/newportnewspd/stats/
2026-09-15T23:08:15Z,newtonsheriff,Connect Newton County,Newton County,GA,342,3518,523,52,150,520,2026-09-15T23:11:46Z,1,ok,200,,,https://api.fususone.com/api/public/organizations/newtonsheriff/stats/
2026-09-15T23:08:15Z,norfolkpd,Connect Norfolk,Norfolk,VA,435,3644,2023,1385,4500,1921,2026-09-15T23:11:47Z,1,ok,200,,,https://api.fususone.com/api/public/organizations/norfolkpd/stats/
2026-09-15T23:08:15Z,northcharlestonpd,Connect North Charleston,North Charleston,SC,1365,570,291,71,10000,283,2026-09-15T23:11:48Z,1,ok,200,,,https://api.fususone.com/api/public/organizations/northcharlestonpd/stats/
2026-09-15T23:08:15Z,northlittlerock,Connect North Little Rock,North Little Rock,AR,408,994,730,61,1500,730,2026-09-15T23:11:49Z,1,ok,200,,,https://api.fususone.com/api/public/organizations/northlittlerock/stats/
2026-09-15T23:08:15Z,northport,Connect North Port,North Port,FL,149,891,244,543,150,200,2026-09-15T23:11:50Z,1,ok,200,,,https://api.fususone.com/api/public/organizations/northport/stats/
2026-09-15T23:08:15Z,novatopdca,Connect Novato,Novato,CA,667,42,42,0,0,42,2026-09-15T23:11:51Z,1,ok,200,,,https://api.fususone.com/api/public/organizations/novatopdca/stats/
2026-09-15T23:08:15Z,nypd,Connect NYPD,New York City,NY,5511,2150,2150,0,32767,2080,2026-09-15T23:11:52Z,1,ok,200,,,https://api.fususone.com/api/public/organizations/nypd/stats/
2026-09-15T23:08:15Z,oakbrookpd,Connect Oak Brook,Oak Brook,IL,166,399,359,40,1500,359,2026-09-15T23:11:53Z,1,ok,200,,,https://api.fususone.com/api/public/organizations/oakbrookpd/stats/
2026-09-15T23:08:15Z,oakdaleca,Connect Oakdale,Oakdale,CA,17,259,246,13,500,244,2026-09-15T23:11:54Z,1,ok,200,,,https://api.fususone.com/api/public/organizations/oakdaleca/stats/
2026-09-15T23:08:15Z,oaklawn,Connect Oak Lawn,Oak Lawn,IL,1424,2203,953,1157,1500,789,2026-09-15T23:11:55Z,1,ok,200,,,https://api.fususone.com/api/public/organizations/oaklawn/stats/
2026-09-15T23:08:15Z,obterracepd,Connect Oakbrook Terrace,Oakbrook Terrace,IL,163,312,0,6,500,0,2026-09-15T23:11:56Z,1,ok,200,,,https://api.fususone.com/api/public/organizations/obterracepd/stats/
2026-09-15T23:08:15Z,oceansidepdca,Connect Oceanside,Oceanside,CA,323,257,150,107,0,150,2026-09-15T23:11:57Z,1,ok,200,,,https://api.fususone.com/api/public/organizations/oceansidepdca/stats/
2026-09-15T23:08:15Z,ocsdca,Connect Orange County,Orange County,CA,2811,2860,1328,1511,5000,1183,2026-09-15T23:11:58Z,1,ok,200,,,https://api.fususone.com/api/public/organizations/ocsdca/stats/
2026-09-15T23:08:15Z,okaloosacounty,Connect Okaloosa County,Okaloosa County,FL,781,516,186,262,1500,156,2026-09-15T23:11:59Z,1,ok,200,,,https://api.fususone.com/api/public/organizations/okaloosacounty/stats/
2026-09-15T23:08:15Z,okcpd,Connect Oklahoma City,Oklahoma City,OK,1730,6736,5897,839,1500,1905,2026-09-15T23:12:00Z,1,ok,200,,,https://api.fususone.com/api/public/organizations/okcpd/stats/
2026-09-15T23:08:15Z,ontariopolice,Connect Ontario,Ontario,CA,319,2069,1324,745,1500,1259,2026-09-15T23:12:01Z,1,ok,200,,,https://api.fususone.com/api/public/organizations/ontariopolice/stats/
2026-09-15T23:08:15Z,orangecofl,Connect Orange County,Orange County,FL,2299,10416,857,7670,7750,758,2026-09-15T23:12:02Z,1,ok,200,,,https://api.fususone.com/api/public/organizations/orangecofl/stats/
2026-09-15T23:08:15Z,orlando,Orlando Connect,Orlando,FL,7306,4100,1054,2658,1500,1006,2026-09-15T23:12:03Z,1,ok,200,,,https://api.fususone.com/api/public/organizations/orlando/stats/
2026-09-15T23:08:15Z,orlandparkpd,Connect Orland Park,Orland Park,IL,425,1269,423,846,10000,380,2026-09-15T23:12:04Z,1,ok,200,,,https://api.fususone.com/api/public/organizations/orlandparkpd/stats/
2026-09-15T23:08:15Z,overlandparkpdks,Secure OP,Overland Park,KS,6,1087,553,0,0,540,2026-09-15T23:12:05Z,1,ok,200,,,https://api.fususone.com/api/public/organizations/overlandparkpdks/stats/
2026-09-15T23:08:15Z,pascopdwa,OnePasco,Pasco,WA,35,148,148,0,150,142,2026-09-15T23:12:06Z,1,ok,200,,,https://api.fususone.com/api/public/organizations/pascopdwa/stats/
2026-09-15T23:08:15Z,patersonpdnj,Connect Paterson,Paterson,NJ,182,379,379,0,10000,374,2026-09-15T23:12:07Z,1,ok,200,,,https://api.fususone.com/api/public/organizations/patersonpdnj/stats/
2026-09-15T23:08:15Z,pbso,Keep Palm Beach County Safe,Palm Beach County,FL,1734,1497,1011,0,1,925,2026-09-15T23:12:08Z,1,ok,200,,,https://api.fususone.com/api/public/organizations/pbso/stats/
2026-09-15T23:08:15Z,peachtreecorners,Connect Peachtree,Peachtree Corners,GA,445,191,142,32,500,139,2026-09-15T23:12:09Z,1,ok,200,,,https://api.fususone.com/api/public/organizations/peachtreecorners/stats/
2026-09-15T23:08:15Z,pekinpdil,Connect Pekin,Pekin,IL,0,87,68,0,0,68,2026-09-15T23:12:10Z,1,ok,200,,,https://api.fususone.com/api/public/organizations/pekinpdil/stats/
2026-09-15T23:08:15Z,pellcitypd,Connect Pell City,Pell City,AL,272,976,279,697,1000,279,2026-09-15T23:12:11Z,1,ok,200,,,https://api.fususone.com/api/public/organizations/pellcitypd/stats/
2026-09-15T23:08:15Z,peoriapd,Connect Peoria,Peoria,IL,445,899,544,0,1500,537,2026-09-15T23:12:12Z,1,ok,200,,,https://api.fususone.com/api/public/organizations/peoriapd/stats/
2026-09-15T23:08:15Z,peoriapdaz,Connect Peoria,Peoria,AZ,76,592,396,25,10000,393,2026-09-15T23:12:13Z,1,ok,200,,,https://api.fususone.com/api/public/organizations/peoriapdaz/stats/
2026-09-15T23:08:15Z,petersburgpd,Connect Petersburg,Petersburg,VA,358,1711,298,1413,1500,273,2026-09-15T23:12:14Z,1,ok,200,,,https://api.fususone.com/api/public/organizations/petersburgpd/stats/
2026-09-15T23:08:15Z,pgcountypd,Connect Prince George's County,Prince George's County,MD,461,3223,1782,578,1500,1483,2026-09-15T23:12:15Z,1,ok,200,,,https://api.fususone.com/api/public/organizations/pgcountypd/stats/
2026-09-15T23:08:15Z,placerca,Connect Placer County,Placer County,CA,550,912,263,472,500,219,2026-09-15T23:12:16Z,1,ok,200,,,https://api.fususone.com/api/public/organizations/placerca/stats/
2026-09-15T23:08:15Z,planotx,Keep Plano Safe,Plano,TX,18,324,324,0,500,316,2026-09-15T23:12:17Z,1,ok,200,,,https://api.fususone.com/api/public/organizations/planotx/stats/
2026-09-15T23:08:15Z,plaqueminesparishso,Connect Plaquemines Parish,Plaquemines Parish,LA,8,532,35,497,10000,35,2026-09-15T23:12:18Z,1,ok,200,,,https://api.fususone.com/api/public/organizations/plaqueminesparishso/stats/
2026-09-15T23:08:15Z,pomonapd,Pomona Safe Communities,Pomona,CA,264,187,179,8,10000,168,2026-09-15T23:12:19Z,1,ok,200,,,https://api.fususone.com/api/public/organizations/pomonapd/stats/
2026-09-15T23:08:15Z,portsmouthpd,Portsmouth Connect,Portsmouth,VA,491,1806,393,1413,1500,392,2026-09-15T23:12:20Z,1,ok,200,,,https://api.fususone.com/api/public/organizations/portsmouthpd/stats/
2026-09-15T23:08:15Z,powderspringspd,Connect Powder Springs,Powder Springs,GA,113,2954,52,18,150,52,2026-09-15T23:12:21Z,1,ok,200,,,https://api.fususone.com/api/public/organizations/powderspringspd/stats/
2026-09-15T23:08:15Z,prairievillagepdks,Connect Prairie Village,Prairie Village,KS,116,1488,327,320,1500,312,2026-09-15T23:12:22Z,1,ok,200,,,https://api.fususone.com/api/public/organizations/prairievillagepdks/stats/
2026-09-15T23:08:15Z,queencreekaz,Connect Queen Creek,Queen Creek,AZ,76,945,441,333,1499,433,2026-09-15T23:12:23Z,1,ok,200,,,https://api.fususone.com/api/public/organizations/queencreekaz/stats/
2026-09-15T23:08:15Z,raleighncpd,CONNECTRALEIGH,Raleigh,NC,1846,1637,1152,56,1500,1149,2026-09-15T23:12:24Z,1,ok,200,,,https://api.fususone.com/api/public/organizations/raleighncpd/stats/
2026-09-15T23:08:15Z,rankincounty,Connect Rankin County,Rankin County,MS,0,368,266,58,1500,261,2026-09-15T23:12:25Z,1,ok,200,,,https://api.fususone.com/api/public/organizations/rankincounty/stats/
2026-09-15T23:08:15Z,redondobchpd,Connect Redondo Beach,Redondo Beach,CA,445,482,77,405,350,75,2026-09-15T23:12:26Z,1,ok,200,,,https://api.fususone.com/api/public/organizations/redondobchpd/stats/
2026-09-15T23:08:15Z,renopd,Connect Reno,Reno,NV,708,881,541,141,500,513,2026-09-15T23:12:27Z,1,ok,200,,,https://api.fususone.com/api/public/organizations/renopd/stats/
2026-09-15T23:08:15Z,rentonpdwa,Connect Renton,Renton,WA,1328,237,237,0,0,219,2026-09-15T23:12:28Z,1,ok,200,,,https://api.fususone.com/api/public/organizations/rentonpdwa/stats/
2026-09-15T23:08:15Z,rialtopd,Connect Rialto,Rialto,CA,349,3610,699,2911,500,685,2026-09-15T23:12:29Z,1,ok,200,,,https://api.fususone.com/api/public/organizations/rialtopd/stats/
2026-09-15T23:08:15Z,richlandpdwa,Connect Richland,Richland,WA,40,185,185,0,0,159,2026-09-15T23:12:30Z,1,ok,200,,,https://api.fususone.com/api/public/organizations/richlandpdwa/stats/
2026-09-15T23:08:15Z,richmondcsoga,Connect Richmond County,Richmond County,GA,0,141,141,0,0,141,2026-09-15T23:12:31Z,1,ok,200,,,https://api.fususone.com/api/public/organizations/richmondcsoga/stats/
2026-09-15T23:08:15Z,richmondva,Connect Richmond,Richmond,VA,235,558,484,0,1500,405,2026-09-15T23:12:32Z,1,ok,200,,,https://api.fususone.com/api/public/organizations/richmondva/stats/
2026-09-15T23:08:15Z,rileycountypd,Connect Riley County,Riley County,KS,81,47,47,0,0,47,2026-09-15T23:12:33Z,1,ok,200,,,https://api.fususone.com/api/public/organizations/rileycountypd/stats/
2026-09-15T23:08:15Z,riverdalepd,Connect Riverdale,Riverdale,IL,,,,,,,2026-09-15T23:12:34Z,1,error,404,HTTP 404,totalRegisteredCameras;totalIntegratedCameras;totalOwnedCameras;totalSharedCameras;totalMaxCameras;subscribedCameras,https://api.fususone.com/api/public/organizations/riverdalepd/stats/
2026-09-15T23:08:15Z,rocklinpd,Rocklin on Watch,Rocklin,CA,505,280,99,147,150,99,2026-09-15T23:12:35Z,1,ok,200,,,https://api.fususone.com/api/public/organizations/rocklinpd/stats/
2026-09-15T23:08:15Z,rockymountpd,Connect Rocky Mount,Rocky Mount,NC,112,726,674,50,5000,616,2026-09-15T23:12:36Z,1,ok,200,,,https://api.fususone.com/api/public/organizations/rockymountpd/stats/
2026-09-15T23:08:15Z,rogerspdar,Connect Rogers,Rogers,AR,280,258,258,0,0,249,2026-09-15T23:12:37Z,1,ok,200,,,https://api.fususone.com/api/public/organizations/rogerspdar/stats/
2026-09-15T23:08:15Z,roswellpdnm,SaferRoswell,Roswell,NM,4,102,102,0,0,102,2026-09-15T23:12:38Z,1,ok,200,,,https://api.fususone.com/api/public/organizations/roswellpdnm/stats/
2026-09-15T23:08:15Z,sacramentocoso,Connect Sacramento County,Sacramento County,CA,345,414,187,227,5000,186,2026-09-15T23:12:39Z,1,ok,200,,,https://api.fususone.com/api/public/organizations/sacramentocoso/stats/
2026-09-15T23:08:15Z,sacramentopd,Sacramento PD Connect,Sacramento,CA,887,1755,1031,406,2000,1009,2026-09-15T23:12:40Z,1,ok,200,,,https://api.fususone.com/api/public/organizations/sacramentopd/stats/
2026-09-15T23:08:15Z,salinaspd,Connect Salinas,Salinas,CA,42,2947,264,2683,500,262,2026-09-15T23:12:41Z,1,ok,200,,,https://api.fususone.com/api/public/organizations/salinaspd/stats/
2026-09-15T23:08:15Z,sanbernardinopdca,Connect San Bernardino,San Bernardino,CA,152,673,552,121,6000,451,2026-09-15T23:12:42Z,1,ok,200,,,https://api.fususone.com/api/public/organizations/sanbernardinopdca/stats/
2026-09-15T23:08:15Z,sandyspringspd,Connect Sandy Springs,Sandy Springs,GA,877,15183,260,4381,7782,257,2026-09-15T23:12:43Z,1,ok,200,,,https://api.fususone.com/api/public/organizations/sandyspringspd/stats/
2026-09-15T23:08:15Z,sanjoaquincsoca,ConnectSJSO,San Joaquin County,CA,152,131,63,68,0,62,2026-09-15T23:12:44Z,1,ok,200,,,https://api.fususone.com/api/public/organizations/sanjoaquincsoca/stats/
2026-09-15T23:08:15Z,sanjose,Connect San Jose,San Jose,CA,10810,1481,1204,277,1500,1203,2026-09-15T23:12:45Z,1,ok,200,,,https://api.fususone.com/api/public/organizations/sanjose/stats/
2026-09-15T23:08:15Z,sanmarcospdtx,Connect San Marcos,San Marcos,TX,62,78,78,0,10000,78,2026-09-15T23:12:46Z,1,ok,200,,,https://api.fususone.com/api/public/organizations/sanmarcospdtx/stats/
2026-09-15T23:08:15Z,sanmateopd,Connect San Mateo,San Mateo,CA,3101,99,99,0,1500,96,2026-09-15T23:12:47Z,1,ok,200,,,https://api.fususone.com/api/public/organizations/sanmateopd/stats/
2026-09-15T23:08:15Z,sarasotacsofl,Connect Sarasota County,Sarasota County,FL,5,451,385,66,0,373,2026-09-15T23:12:48Z,1,ok,200,,,https://api.fususone.com/api/public/organizations/sarasotacsofl/stats/
2026-09-15T23:08:15Z,saratogaspringspdny,Connect Saratoga Springs,Saratoga Springs,NY,130,197,181,16,0,180,2026-09-15T23:12:49Z,1,ok,200,,,https://api.fususone.com/api/public/organizations/saratogaspringspdny/stats/
2026-09-15T23:08:15Z,savannahpd,Connect Savannah,Savannah,GA,1167,9258,304,23,1500,304,2026-09-15T23:12:50Z,1,ok,200,,,https://api.fususone.com/api/public/organizations/savannahpd/stats/
2026-09-15T23:08:15Z,schenectadypdny,Connect Schenectady,Schenectady,NY,0,69,69,0,0,69,2026-09-15T23:12:51Z,1,ok,200,,,https://api.fususone.com/api/public/organizations/schenectadypdny/stats/
2026-09-15T23:08:15Z,scrantonpd,Connect Scranton,Scranton,PA,349,60,60,0,0,60,2026-09-15T23:12:52Z,1,ok,200,,,https://api.fususone.com/api/public/organizations/scrantonpd/stats/
2026-09-15T23:08:15Z,seagovillepdtx,Seagoville Connect and Protect,Seagoville,TX,22,49,49,0,225,49,2026-09-15T23:12:53Z,1,ok,200,,,https://api.fususone.com/api/public/organizations/seagovillepdtx/stats/
2026-09-15T23:08:15Z,seatpleasantmd,Connect Seat Pleasant,Seat Pleasant,MD,0,1526,104,534,500,102,2026-09-15T23:12:54Z,1,ok,200,,,https://api.fususone.com/api/public/organizations/seatpleasantmd/stats/
2026-09-15T23:08:15Z,seattlepd,Connect Seattle,Seattle,WA,882,697,674,0,5000,673,2026-09-15T23:12:55Z,1,ok,200,,,https://api.fususone.com/api/public/organizations/seattlepd/stats/
2026-09-15T23:08:15Z,seminolecountyso,Connect Seminole,Seminole County,FL,110,2077,529,1111,1500,519,2026-09-15T23:12:56Z,1,ok,200,,,https://api.fususone.com/api/public/organizations/seminolecountyso/stats/
2026-09-15T23:08:15Z,shawneecosheriff,Connect Shawnee County and the City of Topeka,Shawnee County and the City of Topeka,KS,1203,2241,641,1600,500,523,2026-09-15T23:12:57Z,1,ok,200,,,https://api.fususone.com/api/public/organizations/shawneecosheriff/stats/
2026-09-15T23:08:15Z,shelbycoso,Connect Shelby County,Shelby County,TN,1307,2324,181,123,1500,152,2026-09-15T23:12:58Z,1,ok,200,,,https://api.fususone.com/api/public/organizations/shelbycoso/stats/
2026-09-15T23:08:15Z,smyrnaga,Connect Smyrna,Smyrna,GA,333,13064,262,3416,3058,257,2026-09-15T23:12:59Z,1,ok,200,,,https://api.fususone.com/api/public/organizations/smyrnaga/stats/
2026-09-15T23:08:15Z,southbendpd,Sync South Bend,South Bend,IN,2520,2035,1291,744,1500,1278,2026-09-15T23:13:00Z,1,ok,200,,,https://api.fususone.com/api/public/organizations/southbendpd/stats/
2026-09-15T23:08:15Z,southfultonga,Connect South Fulton,South Fulton,GA,460,14804,552,4105,8000,537,2026-09-15T23:13:01Z,1,ok,200,,,https://api.fususone.com/api/public/organizations/southfultonga/stats/
2026-09-15T23:08:15Z,sparkspdnv,Connect Sparks,Sparks,NV,244,658,215,0,500,201,2026-09-15T23:13:02Z,1,ok,200,,,https://api.fususone.com/api/public/organizations/sparkspdnv/stats/
2026-09-15T23:08:15Z,spartanburgpd,Connect Spartanburg,Spartanburg,SC,187,639,635,4,500,635,2026-09-15T23:13:03Z,1,ok,200,,,https://api.fususone.com/api/public/organizations/spartanburgpd/stats/
2026-09-15T23:08:15Z,spokanecsowa,Connect Spokane County,Spokane County,WA,48,959,827,131,150,720,2026-09-15T23:13:04Z,1,ok,200,,,https://api.fususone.com/api/public/organizations/spokanecsowa/stats/
2026-09-15T23:08:15Z,springfieldpd,Sync Springfield,Springfield,IL,1647,2546,2473,0,1500,2452,2026-09-15T23:13:05Z,1,ok,200,,,https://api.fususone.com/api/public/organizations/springfieldpd/stats/
2026-09-15T23:08:15Z,springfieldpdmo,Springfield Safe,Springfield,MO,14,313,162,151,0,153,2026-09-15T23:13:06Z,1,ok,200,,,https://api.fususone.com/api/public/organizations/springfieldpdmo/stats/
2026-09-15T23:08:15Z,statesboropd,Connect Statesboro,Statesboro,GA,1,14447,629,4131,3950,622,2026-09-15T23:13:07Z,1,ok,200,,,https://api.fususone.com/api/public/organizations/statesboropd/stats/
2026-09-15T23:08:15Z,stbernardso,Protect St. Bernard,St. Bernard Parish,LA,147,1796,84,1712,781,84,2026-09-15T23:13:08Z,1,ok,200,,,https://api.fususone.com/api/public/organizations/stbernardso/stats/
2026-09-15T23:08:15Z,stcloud,Connect St. Cloud,St. Cloud,FL,356,9164,1862,5972,7000,1839,2026-09-15T23:13:09Z,1,ok,200,,,https://api.fususone.com/api/public/organizations/stcloud/stats/
2026-09-15T23:08:15Z,stcloudpdmn,Saint Cloud Connect and Protect,Saint Cloud,MN,0,27,27,0,350,19,2026-09-15T23:13:10Z,1,ok,200,,,https://api.fususone.com/api/public/organizations/stcloudpdmn/stats/
2026-09-15T23:08:15Z,stjohnscountyso,Connect St. Johns,St. Johns County,FL,1710,1309,1123,186,1500,1077,2026-09-15T23:13:11Z,1,ok,200,,,https://api.fususone.com/api/public/organizations/stjohnscountyso/stats/
2026-09-15T23:08:15Z,stluciesheriff,Connect St Lucie County,St. Lucie County,FL,831,124,124,0,1500,72,2026-09-15T23:13:12Z,1,ok,200,,,https://api.fususone.com/api/public/organizations/stluciesheriff/stats/
2026-09-15T23:08:15Z,stocktonpdca,SaferStockton,Stockton,CA,52,371,370,1,1,366,2026-09-15T23:13:13Z,1,ok,200,,,https://api.fususone.com/api/public/organizations/stocktonpdca/stats/
2026-09-15T23:08:15Z,stpaulpdmn,Connect Saint Paul,Saint Paul,MN,24,1247,341,445,0,332,2026-09-15T23:13:14Z,1,ok,200,,,https://api.fususone.com/api/public/organizations/stpaulpdmn/stats/
2026-09-15T23:08:15Z,sumnercounty,Connect Sumner,Sumner,TN,461,92,33,38,4000,31,2026-09-15T23:13:15Z,1,ok,200,,,https://api.fususone.com/api/public/organizations/sumnercounty/stats/
2026-09-15T23:08:15Z,tempepd,Connect Tempe,Tempe,AZ,172,1506,907,0,1500,907,2026-09-15T23:13:16Z,1,ok,200,,,https://api.fususone.com/api/public/organizations/tempepd/stats/
2026-09-15T23:08:15Z,torrancepd,Secure Torrance,Torrance,CA,132,389,143,246,200,93,2026-09-15T23:13:17Z,1,ok,200,,,https://api.fususone.com/api/public/organizations/torrancepd/stats/
2026-09-15T23:08:15Z,troypdil,Connect Troy,Troy,MI,,,,,,,2026-09-15T23:13:18Z,1,error,404,HTTP 404,totalRegisteredCameras;totalIntegratedCameras;totalOwnedCameras;totalSharedCameras;totalMaxCameras;subscribedCameras,https://api.fususone.com/api/public/organizations/troypdil/stats/
2026-09-15T23:08:15Z,tucsonpd,Connect Tucson,Tucson,AZ,1329,632,461,0,1500,462,2026-09-15T23:13:19Z,1,ok,200,,,https://api.fususone.com/api/public/organizations/tucsonpd/stats/
2026-09-15T23:08:15Z,tupeloms,Connect Tupelo,Tupelo,MS,271,349,349,0,500,344,2026-09-15T23:13:20Z,1,ok,200,,,https://api.fususone.com/api/public/organizations/tupeloms/stats/
2026-09-15T23:08:15Z,turlockpd,Connect Turlock,Turlock,CA,199,173,162,11,150,162,2026-09-15T23:13:21Z,1,ok,200,,,https://api.fususone.com/api/public/organizations/turlockpd/stats/
2026-09-15T23:08:15Z,tuscaloosapd,Safeguard Tuscaloosa,Tuscaloosa,AL,258,1096,402,624,1500,382,2026-09-15T23:13:22Z,1,ok,200,,,https://api.fususone.com/api/public/organizations/tuscaloosapd/stats/
2026-09-15T23:08:15Z,uarizonapdaz,Connect University of Arizona,University of Arizona,AZ,0,16,4,0,0,0,2026-09-15T23:13:23Z,1,ok,200,,,https://api.fususone.com/api/public/organizations/uarizonapdaz/stats/
2026-09-15T23:08:15Z,uillinoispd,Connect University of Illinois Urbana-Champaign,University of Illinois Urbana-Champaign,IL,3,4177,4089,0,0,4079,2026-09-15T23:13:24Z,1,ok,200,,,https://api.fususone.com/api/public/organizations/uillinoispd/stats/
2026-09-15T23:08:15Z,universityofmissouripdmo,Mizzou SafeConnect,Mizzou,MO,145,1012,1012,0,0,999,2026-09-15T23:13:25Z,1,ok,200,,,https://api.fususone.com/api/public/organizations/universityofmissouripdmo/stats/
2026-09-15T23:08:15Z,virginiabeachpd,Connect Virginia Beach,Virginia Beach,VA,1447,3301,647,1409,2000,636,2026-09-15T23:13:26Z,1,ok,200,,,https://api.fususone.com/api/public/organizations/virginiabeachpd/stats/
2026-09-15T23:08:15Z,volusiasheriff,Connect Volusia,Volusia,FL,670,3954,576,3025,1500,899,2026-09-15T23:13:27Z,1,ok,200,,,https://api.fususone.com/api/public/organizations/volusiasheriff/stats/
2026-09-15T23:08:15Z,wakecounty,Connect Wake County,Wake County,NC,42,966,282,57,1500,250,2026-09-15T23:13:28Z,1,ok,200,,,https://api.fususone.com/api/public/organizations/wakecounty/stats/
2026-09-15T23:08:15Z,warnerrobinspd,Connect Warner Robins,Warner Robins,GA,218,9230,139,0,500,139,2026-09-15T23:13:29Z,1,ok,200,,,https://api.fususone.com/api/public/organizations/warnerrobinspd/stats/
2026-09-15T23:08:15Z,warrenpdmi,Connect Warren,Warren,MI,64,196,117,79,1500,90,2026-09-15T23:13:30Z,1,ok,200,,,https://api.fususone.com/api/public/organizations/warrenpdmi/stats/
2026-09-15T23:08:15Z,washoesheriff,Connect Washoe County,Washoe County,NV,9,453,161,4,500,154,2026-09-15T23:13:31Z,1,ok,200,,,https://api.fususone.com/api/public/organizations/washoesheriff/stats/
2026-09-15T23:08:15Z,webbcountyso,Connect Webb County,Webb County,TX,0,279,279,0,2000,275,2026-09-15T23:13:32Z,1,ok,200,,,https://api.fususone.com/api/public/organizations/webbcountyso/stats/
2026-09-15T23:08:15Z,westsacramento,West Sacramento Safe and Secure,West Sacramento,CA,831,514,339,89,500,328,2026-09-15T23:13:33Z,1,ok,200,,,https://api.fususone.com/api/public/organizations/westsacramento/stats/
2026-09-15T23:08:15Z,wheatonpd,Connect Wheaton,Wheaton,IL,427,535,535,0,1500,531,2026-09-15T23:13:35Z,1,ok,200,,,https://api.fususone.com/api/public/organizations/wheatonpd/stats/
2026-09-15T23:08:15Z,whitehallpd,Connect Whitehall,Whitehall,OH,575,615,153,462,1500,151,2026-09-15T23:13:36Z,1,ok,200,,,https://api.fususone.com/api/public/organizations/whitehallpd/stats/
2026-09-15T23:08:15Z,wichitapdks,Connected Wichita,Wichita,KS,4,365,344,21,1500,311,2026-09-15T23:13:37Z,1,ok,200,,,https://api.fususone.com/api/public/organizations/wichitapdks/stats/
2026-09-15T23:08:15Z,williamsoncsotn,Connect Williamson,Williamson County,TN,103,9,9,0,0,0,2026-09-15T23:13:38Z,1,ok,200,,,https://api.fususone.com/api/public/organizations/williamsoncsotn/stats/
2026-09-15T23:08:15Z,wilmingtonnc,Connect Wilmington,Wilmington,NC,2,712,696,0,10000,696,2026-09-15T23:13:39Z,1,ok,200,,,https://api.fususone.com/api/public/organizations/wilmingtonnc/stats/
2026-09-15T23:08:15Z,wintergarden,Connect Winter Garden,Winter Garden,FL,0,274,172,0,500,172,2026-09-15T23:13:40Z,1,ok,200,,,https://api.fususone.com/api/public/organizations/wintergarden/stats/
2026-09-15T23:08:15Z,winterpark,Connect Winter Park,Winter Park,FL,294,1544,1081,0,1500,1073,2026-09-15T23:13:41Z,1,ok,200,,,https://api.fususone.com/api/public/organizations/winterpark/stats/
2026-09-15T23:08:15Z,wpb,CityWatch Connect,West Palm Beach,FL,1815,958,460,245,1000,434,2026-09-15T23:13:42Z,1,ok,200,,,https://api.fususone.com/api/public/organizations/wpb/stats/
2026-09-15T23:08:15Z,zacharypdla,Connect Zachary,Zachary,LA,7,8,8,0,0,8,2026-09-15T23:13:43Z,1,ok,200,,,https://api.fususone.com/api/public/organizations/zacharypdla/stats/
