snapshot_at,event,org,field,previous,current,note
2026-09-15T23:08:15Z,baseline,,,,326,Initial observation; growth cannot yet be measured.
2026-09-15T23:08:15Z,collection_issue,riverdalepd,status,,error,HTTP 404
2026-09-15T23:08:15Z,collection_issue,troypdil,status,,error,HTTP 404
2026-09-15T23:17:26Z,collection_issue,riverdalepd,status,,error,HTTP 404
2026-09-15T23:17:26Z,collection_issue,troypdil,status,,error,HTTP 404
2026-09-21T18:49:18Z,metric_changed,accpd,totalIntegratedCameras,4308,4316,
2026-09-21T18:49:18Z,metric_changed,accpd,totalOwnedCameras,1827,1835,
2026-09-21T18:49:18Z,metric_changed,albanypolice,totalRegisteredCameras,725,726,
2026-09-21T18:49:18Z,metric_changed,altoonapd,totalRegisteredCameras,345,347,
2026-09-21T18:49:18Z,metric_changed,anchoragepdak,totalIntegratedCameras,40,41,
2026-09-21T18:49:18Z,metric_changed,anchoragepdak,totalOwnedCameras,18,19,
2026-09-21T18:49:18Z,metric_changed,anchoragepdak,subscribedCameras,18,19,
2026-09-21T18:49:18Z,metric_changed,ashevillepdnc,totalRegisteredCameras,11,12,
2026-09-21T18:49:18Z,metric_changed,auroragov,totalIntegratedCameras,930,934,
2026-09-21T18:49:18Z,metric_changed,auroragov,totalOwnedCameras,930,934,
2026-09-21T18:49:18Z,metric_changed,auroragov,subscribedCameras,930,934,
2026-09-21T18:49:18Z,metric_changed,baycounty,totalIntegratedCameras,1504,1510,
2026-09-21T18:49:18Z,metric_changed,baycounty,totalOwnedCameras,1150,1156,
2026-09-21T18:49:18Z,metric_changed,baycounty,subscribedCameras,1122,1128,
2026-09-21T18:49:18Z,metric_changed,beaumonttx,totalRegisteredCameras,4033,4043,
2026-09-21T18:49:18Z,metric_changed,buncombesheriff,totalRegisteredCameras,563,568,
2026-09-21T18:49:18Z,metric_changed,buncombesheriff,totalIntegratedCameras,2657,2689,
2026-09-21T18:49:18Z,metric_changed,buncombesheriff,totalSharedCameras,2220,2252,
2026-09-21T18:49:18Z,metric_changed,carypd,totalIntegratedCameras,1267,1268,
2026-09-21T18:49:18Z,metric_changed,charlottemecklenburg,totalRegisteredCameras,3086,3109,
2026-09-21T18:49:18Z,metric_changed,charlottemecklenburg,totalIntegratedCameras,1728,1784,
2026-09-21T18:49:18Z,metric_changed,charlottemecklenburg,totalOwnedCameras,1523,1579,
2026-09-21T18:49:18Z,metric_changed,charlottemecklenburg,subscribedCameras,1377,1433,
2026-09-21T18:49:18Z,metric_changed,chattanoogapd,totalIntegratedCameras,774,778,
2026-09-21T18:49:18Z,metric_changed,chattanoogapd,totalOwnedCameras,773,777,
2026-09-21T18:49:18Z,metric_changed,chattanoogapd,subscribedCameras,764,768,
2026-09-21T18:49:18Z,metric_changed,cherokeega,totalRegisteredCameras,624,625,
2026-09-21T18:49:18Z,metric_changed,chesterfieldcounty,totalIntegratedCameras,11171,11288,
2026-09-21T18:49:18Z,metric_changed,chesterfieldcounty,totalOwnedCameras,1010,1006,
2026-09-21T18:49:18Z,metric_changed,chesterfieldcounty,totalSharedCameras,10099,10220,
2026-09-21T18:49:18Z,metric_changed,chesterfieldcounty,subscribedCameras,949,947,
2026-09-21T18:49:18Z,metric_changed,cincinnatipd,totalRegisteredCameras,1713,1721,
2026-09-21T18:49:18Z,metric_changed,cityofmiamipd,totalIntegratedCameras,4383,4373,
2026-09-21T18:49:18Z,metric_changed,cityofmiamipd,totalOwnedCameras,1249,1239,
2026-09-21T18:49:18Z,metric_changed,cityofmiamipd,subscribedCameras,1231,1221,
2026-09-21T18:49:18Z,metric_changed,cityofomaha,totalRegisteredCameras,1257,1258,
2026-09-21T18:49:18Z,metric_changed,cityofomaha,totalIntegratedCameras,1559,1625,
2026-09-21T18:49:18Z,metric_changed,cityofomaha,totalSharedCameras,698,764,
2026-09-21T18:49:18Z,metric_changed,cityofstarkville,totalIntegratedCameras,851,863,
2026-09-21T18:49:18Z,metric_changed,cityofstarkville,totalOwnedCameras,574,586,
2026-09-21T18:49:18Z,metric_changed,cityofstarkville,subscribedCameras,563,575,
2026-09-21T18:49:18Z,metric_changed,cityofws,totalIntegratedCameras,3276,3292,
2026-09-21T18:49:18Z,metric_changed,cityofws,totalOwnedCameras,1740,1756,
2026-09-21T18:49:18Z,metric_changed,cityofws,subscribedCameras,1724,1740,
2026-09-21T18:49:18Z,metric_changed,claycountysheriff,totalIntegratedCameras,3433,3391,
2026-09-21T18:49:18Z,metric_changed,claycountysheriff,totalOwnedCameras,3265,3223,
2026-09-21T18:49:18Z,metric_changed,claycountysheriff,subscribedCameras,3260,3218,
2026-09-21T18:49:18Z,metric_changed,clermontpd,subscribedCameras,63,64,
2026-09-21T18:49:18Z,metric_changed,cobbcountypd,totalRegisteredCameras,3543,3545,
2026-09-21T18:49:18Z,metric_changed,cobbcountypd,totalIntegratedCameras,12810,12808,
2026-09-21T18:49:18Z,metric_changed,cobbcountypd,totalOwnedCameras,1277,1275,
2026-09-21T18:49:18Z,metric_changed,coloradospringspd,totalIntegratedCameras,1084,1085,
2026-09-21T18:49:18Z,metric_changed,coloradospringspd,totalOwnedCameras,945,946,
2026-09-21T18:49:18Z,metric_changed,coloradospringspd,subscribedCameras,844,845,
2026-09-21T18:49:18Z,metric_changed,dallaspd,totalIntegratedCameras,1499,1493,
2026-09-21T18:49:18Z,metric_changed,dallaspd,totalOwnedCameras,1140,1134,
2026-09-21T18:49:18Z,metric_changed,dalycitypdca,totalRegisteredCameras,23,29,
2026-09-21T18:49:18Z,metric_changed,dcmetro,totalRegisteredCameras,44118,44140,
2026-09-21T18:49:18Z,metric_changed,dearbornpdmi,totalRegisteredCameras,686,689,
2026-09-21T18:49:18Z,metric_changed,dearbornpdmi,totalIntegratedCameras,674,679,
2026-09-21T18:49:18Z,metric_changed,dearbornpdmi,totalOwnedCameras,513,518,
2026-09-21T18:49:18Z,metric_changed,dearbornpdmi,subscribedCameras,499,504,
2026-09-21T18:49:18Z,metric_changed,dekalbcountyga,totalRegisteredCameras,3513,3523,
2026-09-21T18:49:18Z,metric_changed,dothanpd,totalIntegratedCameras,186,182,
2026-09-21T18:49:18Z,metric_changed,dothanpd,totalOwnedCameras,186,182,
2026-09-21T18:49:18Z,metric_changed,dothanpd,subscribedCameras,178,174,
2026-09-21T18:49:18Z,metric_changed,escambiafl,totalRegisteredCameras,1488,1493,
2026-09-21T18:49:18Z,metric_changed,escambiafl,totalIntegratedCameras,1265,1271,
2026-09-21T18:49:18Z,metric_changed,fairfaxcopd,totalRegisteredCameras,3526,3530,
2026-09-21T18:49:18Z,metric_changed,fayettevillepd,totalIntegratedCameras,533,536,
2026-09-21T18:49:18Z,metric_changed,fayettevillepd,totalOwnedCameras,442,445,
2026-09-21T18:49:18Z,metric_changed,fayettevillepd,subscribedCameras,439,442,
2026-09-21T18:49:18Z,metric_changed,flaglercountysheriff,totalRegisteredCameras,932,933,
2026-09-21T18:49:18Z,metric_changed,forsyth,totalRegisteredCameras,1441,1442,
2026-09-21T18:49:18Z,metric_changed,greensboropd,totalIntegratedCameras,1178,1183,
2026-09-21T18:49:18Z,metric_changed,greensboropd,totalSharedCameras,156,161,
2026-09-21T18:49:18Z,metric_changed,guilfordsheriff,totalRegisteredCameras,869,870,
2026-09-21T18:49:18Z,metric_changed,harrisoncso,totalRegisteredCameras,549,559,
2026-09-21T18:49:18Z,metric_changed,hennepincountyso,totalRegisteredCameras,451,457,
2026-09-21T18:49:18Z,metric_changed,hennepincountyso,totalIntegratedCameras,3015,3008,
2026-09-21T18:49:18Z,metric_changed,hennepincountyso,totalOwnedCameras,389,381,
2026-09-21T18:49:18Z,metric_changed,hennepincountyso,subscribedCameras,389,381,
2026-09-21T18:49:18Z,metric_changed,henrycountypd,totalRegisteredCameras,4971,4973,
2026-09-21T18:49:18Z,metric_changed,hooverpd,totalRegisteredCameras,36,46,
2026-09-21T18:49:18Z,metric_changed,hopemillspd,totalIntegratedCameras,335,338,
2026-09-21T18:49:18Z,metric_changed,jacksonvillesheriff,totalRegisteredCameras,6800,6809,
2026-09-21T18:49:18Z,metric_changed,jacksonvillesheriff,totalIntegratedCameras,9707,9770,
2026-09-21T18:49:18Z,metric_changed,jacksonvillesheriff,totalOwnedCameras,2586,2649,
2026-09-21T18:49:18Z,metric_changed,jacksonvillesheriff,subscribedCameras,1638,1654,
2026-09-21T18:49:18Z,metric_changed,jeffersoncountysheriff,totalRegisteredCameras,1469,1471,
2026-09-21T18:49:18Z,metric_changed,kentcountysd,totalIntegratedCameras,2705,2710,
2026-09-21T18:49:18Z,metric_changed,kentcountysd,totalOwnedCameras,735,740,
2026-09-21T18:49:18Z,metric_changed,kentcountysd,subscribedCameras,485,490,
2026-09-21T18:49:18Z,metric_changed,killeenpd,totalRegisteredCameras,1406,1412,
2026-09-21T18:49:18Z,metric_changed,killeenpd,totalIntegratedCameras,505,507,
2026-09-21T18:49:18Z,metric_changed,killeenpd,totalOwnedCameras,505,507,
2026-09-21T18:49:18Z,metric_changed,lagrangepd,totalRegisteredCameras,37,137,
2026-09-21T18:49:18Z,metric_changed,lakewoodpdco,totalRegisteredCameras,151,153,
2026-09-21T18:49:18Z,metric_changed,louisvillemetro,totalRegisteredCameras,1021,1027,
2026-09-21T18:49:18Z,metric_changed,louisvillemetro,totalIntegratedCameras,1733,1744,
2026-09-21T18:49:18Z,metric_changed,louisvillemetro,totalOwnedCameras,1490,1501,
2026-09-21T18:49:18Z,metric_changed,louisvillemetro,subscribedCameras,1446,1455,
2026-09-21T18:49:18Z,metric_changed,martincountyso,totalRegisteredCameras,1143,1149,
2026-09-21T18:49:18Z,metric_changed,mcpdmd,totalRegisteredCameras,2252,2260,
2026-09-21T18:49:18Z,metric_changed,melroseparkpdil,totalIntegratedCameras,231,232,
2026-09-21T18:49:18Z,metric_changed,melroseparkpdil,totalOwnedCameras,196,197,
2026-09-21T18:49:18Z,metric_changed,melroseparkpdil,subscribedCameras,192,193,
2026-09-21T18:49:18Z,metric_changed,memphispd,totalRegisteredCameras,14121,14156,
2026-09-21T18:49:18Z,metric_changed,memphispd,totalIntegratedCameras,3079,3096,
2026-09-21T18:49:18Z,metric_changed,memphispd,totalOwnedCameras,2256,2273,
2026-09-21T18:49:18Z,metric_changed,memphispd,subscribedCameras,2112,2129,
2026-09-21T18:49:18Z,metric_changed,monmouthcounty,totalRegisteredCameras,53,74,
2026-09-21T18:49:18Z,metric_changed,montgomerypd-al,totalIntegratedCameras,960,961,
2026-09-21T18:49:18Z,metric_changed,montgomerypd-al,totalOwnedCameras,263,264,
2026-09-21T18:49:18Z,metric_changed,montgomerypd-al,subscribedCameras,261,262,
2026-09-21T18:49:18Z,metric_changed,mpls,totalIntegratedCameras,2740,2716,
2026-09-21T18:49:18Z,metric_changed,newbrunswickpdnj,totalIntegratedCameras,127,123,
2026-09-21T18:49:18Z,metric_changed,newbrunswickpdnj,totalOwnedCameras,127,123,
2026-09-21T18:49:18Z,metric_changed,newbrunswickpdnj,subscribedCameras,127,123,
2026-09-21T18:49:18Z,metric_changed,newcastlede,totalIntegratedCameras,165,168,
2026-09-21T18:49:18Z,metric_changed,newcastlede,totalOwnedCameras,157,160,
2026-09-21T18:49:18Z,metric_changed,newcastlede,subscribedCameras,88,91,
2026-09-21T18:49:18Z,metric_changed,newportbeachpdca,totalIntegratedCameras,234,229,
2026-09-21T18:49:18Z,metric_changed,newportbeachpdca,totalOwnedCameras,175,170,
2026-09-21T18:49:18Z,metric_changed,newportbeachpdca,subscribedCameras,134,129,
2026-09-21T18:49:18Z,metric_changed,newtonsheriff,totalRegisteredCameras,342,348,
2026-09-21T18:49:18Z,metric_changed,norfolkpd,totalRegisteredCameras,435,440,
2026-09-21T18:49:18Z,metric_changed,northcharlestonpd,totalIntegratedCameras,570,566,
2026-09-21T18:49:18Z,metric_changed,oaklawn,totalIntegratedCameras,2203,2204,
2026-09-21T18:49:18Z,metric_changed,oaklawn,totalOwnedCameras,953,954,
2026-09-21T18:49:18Z,metric_changed,oceansidepdca,totalRegisteredCameras,323,325,
2026-09-21T18:49:18Z,metric_changed,ocsdca,totalRegisteredCameras,2811,2815,
2026-09-21T18:49:18Z,metric_changed,ocsdca,totalIntegratedCameras,2860,2884,
2026-09-21T18:49:18Z,metric_changed,ocsdca,totalOwnedCameras,1328,1352,
2026-09-21T18:49:18Z,metric_changed,ocsdca,subscribedCameras,1183,1207,
2026-09-21T18:49:18Z,metric_changed,ontariopolice,totalIntegratedCameras,2069,2075,
2026-09-21T18:49:18Z,metric_changed,ontariopolice,totalOwnedCameras,1324,1329,
2026-09-21T18:49:18Z,metric_changed,ontariopolice,totalSharedCameras,745,746,
2026-09-21T18:49:18Z,metric_changed,ontariopolice,subscribedCameras,1259,1264,
2026-09-21T18:49:18Z,metric_changed,orlando,totalRegisteredCameras,7306,7318,
2026-09-21T18:49:18Z,metric_changed,orlando,totalIntegratedCameras,4100,4102,
2026-09-21T18:49:18Z,metric_changed,orlando,totalOwnedCameras,1054,1056,
2026-09-21T18:49:18Z,metric_changed,orlandparkpd,totalIntegratedCameras,1269,1275,
2026-09-21T18:49:18Z,metric_changed,orlandparkpd,totalOwnedCameras,423,429,
2026-09-21T18:49:18Z,metric_changed,orlandparkpd,subscribedCameras,380,386,
2026-09-21T18:49:18Z,metric_changed,pascopdwa,totalRegisteredCameras,35,69,
2026-09-21T18:49:18Z,metric_changed,pbso,totalIntegratedCameras,1497,1501,
2026-09-21T18:49:18Z,metric_changed,pbso,totalOwnedCameras,1011,1015,
2026-09-21T18:49:18Z,metric_changed,peoriapdaz,totalIntegratedCameras,592,599,
2026-09-21T18:49:18Z,metric_changed,peoriapdaz,totalOwnedCameras,396,403,
2026-09-21T18:49:18Z,metric_changed,peoriapdaz,subscribedCameras,393,394,
2026-09-21T18:49:18Z,metric_changed,pgcountypd,totalRegisteredCameras,461,465,
2026-09-21T18:49:18Z,metric_changed,pomonapd,totalRegisteredCameras,264,266,
2026-09-21T18:49:18Z,metric_changed,queencreekaz,totalIntegratedCameras,945,946,
2026-09-21T18:49:18Z,metric_changed,queencreekaz,totalOwnedCameras,441,442,
2026-09-21T18:49:18Z,metric_changed,queencreekaz,subscribedCameras,433,434,
2026-09-21T18:49:18Z,metric_changed,raleighncpd,totalRegisteredCameras,1846,1862,
2026-09-21T18:49:18Z,metric_changed,raleighncpd,totalIntegratedCameras,1637,1621,
2026-09-21T18:49:18Z,metric_changed,raleighncpd,totalOwnedCameras,1152,1134,
2026-09-21T18:49:18Z,metric_changed,raleighncpd,subscribedCameras,1149,1131,
2026-09-21T18:49:18Z,metric_changed,richlandpdwa,totalIntegratedCameras,185,190,
2026-09-21T18:49:18Z,metric_changed,richlandpdwa,totalOwnedCameras,185,190,
2026-09-21T18:49:18Z,metric_changed,rogerspdar,totalIntegratedCameras,258,263,
2026-09-21T18:49:18Z,metric_changed,rogerspdar,totalOwnedCameras,258,263,
2026-09-21T18:49:18Z,metric_changed,rogerspdar,subscribedCameras,249,254,
2026-09-21T18:49:18Z,metric_changed,sacramentocoso,totalRegisteredCameras,345,353,
2026-09-21T18:49:18Z,metric_changed,sacramentocoso,totalIntegratedCameras,414,415,
2026-09-21T18:49:18Z,metric_changed,sacramentocoso,totalOwnedCameras,187,188,
2026-09-21T18:49:18Z,metric_changed,sacramentocoso,subscribedCameras,186,187,
2026-09-21T18:49:18Z,metric_changed,sacramentopd,totalIntegratedCameras,1755,1762,
2026-09-21T18:49:18Z,metric_changed,sacramentopd,totalOwnedCameras,1031,1038,
2026-09-21T18:49:18Z,metric_changed,sacramentopd,subscribedCameras,1009,1016,
2026-09-21T18:49:18Z,metric_changed,sanbernardinopdca,totalIntegratedCameras,673,674,
2026-09-21T18:49:18Z,metric_changed,sanbernardinopdca,totalSharedCameras,121,122,
2026-09-21T18:49:18Z,metric_changed,sandyspringspd,totalIntegratedCameras,15183,15223,
2026-09-21T18:49:18Z,metric_changed,sandyspringspd,totalOwnedCameras,260,300,
2026-09-21T18:49:18Z,metric_changed,sandyspringspd,subscribedCameras,257,297,
2026-09-21T18:49:18Z,metric_changed,sanjose,totalIntegratedCameras,1481,1483,
2026-09-21T18:49:18Z,metric_changed,sanjose,totalOwnedCameras,1204,1206,
2026-09-21T18:49:18Z,metric_changed,sanjose,subscribedCameras,1203,1205,
2026-09-21T18:49:18Z,metric_changed,sarasotacsofl,totalIntegratedCameras,451,452,
2026-09-21T18:49:18Z,metric_changed,sarasotacsofl,totalOwnedCameras,385,386,
2026-09-21T18:49:18Z,metric_changed,sarasotacsofl,subscribedCameras,373,374,
2026-09-21T18:49:18Z,metric_changed,scrantonpd,totalRegisteredCameras,349,460,
2026-09-21T18:49:18Z,metric_changed,seatpleasantmd,totalIntegratedCameras,1526,1527,
2026-09-21T18:49:18Z,metric_changed,seatpleasantmd,totalOwnedCameras,104,105,
2026-09-21T18:49:18Z,metric_changed,seminolecountyso,totalIntegratedCameras,2077,2064,
2026-09-21T18:49:18Z,metric_changed,seminolecountyso,totalOwnedCameras,529,528,
2026-09-21T18:49:18Z,metric_changed,seminolecountyso,totalSharedCameras,1111,1099,
2026-09-21T18:49:18Z,metric_changed,seminolecountyso,subscribedCameras,519,518,
2026-09-21T18:49:18Z,metric_changed,shawneecosheriff,subscribedCameras,523,541,
2026-09-21T18:49:18Z,metric_changed,southbendpd,totalRegisteredCameras,2520,2525,
2026-09-21T18:49:18Z,metric_changed,spartanburgpd,totalIntegratedCameras,639,652,
2026-09-21T18:49:18Z,metric_changed,spartanburgpd,totalOwnedCameras,635,648,
2026-09-21T18:49:18Z,metric_changed,spartanburgpd,subscribedCameras,635,648,
2026-09-21T18:49:18Z,metric_changed,spokanecsowa,totalRegisteredCameras,48,56,
2026-09-21T18:49:18Z,metric_changed,stpaulpdmn,totalRegisteredCameras,24,65,
2026-09-21T18:49:18Z,metric_changed,torrancepd,totalRegisteredCameras,132,133,
2026-09-21T18:49:18Z,metric_changed,tuscaloosapd,totalIntegratedCameras,1096,1095,
2026-09-21T18:49:18Z,metric_changed,tuscaloosapd,totalOwnedCameras,402,401,
2026-09-21T18:49:18Z,metric_changed,tuscaloosapd,subscribedCameras,382,381,
2026-09-21T18:49:18Z,metric_changed,volusiasheriff,totalIntegratedCameras,3954,3953,
2026-09-21T18:49:18Z,metric_changed,volusiasheriff,totalOwnedCameras,576,577,
2026-09-21T18:49:18Z,metric_changed,volusiasheriff,subscribedCameras,899,900,
2026-09-21T18:49:18Z,metric_changed,wakecounty,totalRegisteredCameras,42,171,
2026-09-21T18:49:18Z,metric_changed,wakecounty,totalIntegratedCameras,966,970,
2026-09-21T18:49:18Z,metric_changed,wakecounty,totalOwnedCameras,282,285,
2026-09-21T18:49:18Z,metric_changed,wakecounty,subscribedCameras,250,253,
2026-09-21T18:49:18Z,metric_changed,warrenpdmi,totalIntegratedCameras,196,223,
2026-09-21T18:49:18Z,metric_changed,warrenpdmi,totalOwnedCameras,117,144,
2026-09-21T18:49:18Z,metric_changed,warrenpdmi,subscribedCameras,90,117,
2026-09-21T18:49:18Z,metric_changed,washoesheriff,totalIntegratedCameras,453,470,
2026-09-21T18:49:18Z,metric_changed,washoesheriff,totalOwnedCameras,161,178,
2026-09-21T18:49:18Z,metric_changed,washoesheriff,subscribedCameras,154,171,
2026-09-21T18:49:18Z,metric_changed,westsacramento,totalIntegratedCameras,514,512,
2026-09-21T18:49:18Z,collection_issue,riverdalepd,status,,error,HTTP 404
2026-09-21T18:49:18Z,collection_issue,troypdil,status,,error,HTTP 404
2026-09-28T20:10:01Z,metric_changed,aacounty,totalRegisteredCameras,1026,1028,
2026-09-28T20:10:01Z,metric_changed,aacounty,totalIntegratedCameras,3664,3177,
2026-09-28T20:10:01Z,metric_changed,accpd,totalIntegratedCameras,4316,4325,
2026-09-28T20:10:01Z,metric_changed,accpd,totalOwnedCameras,1835,1843,
2026-09-28T20:10:01Z,metric_changed,accpd,subscribedCameras,526,534,
2026-09-28T20:10:01Z,metric_changed,acworthga,totalIntegratedCameras,10580,10557,
2026-09-28T20:10:01Z,metric_changed,acworthga,totalSharedCameras,451,427,
2026-09-28T20:10:01Z,metric_changed,albanypolice,totalRegisteredCameras,726,731,
2026-09-28T20:10:01Z,metric_changed,albanypolice,totalIntegratedCameras,13935,13936,
2026-09-28T20:10:01Z,metric_changed,alsipil,totalRegisteredCameras,737,738,
2026-09-28T20:10:01Z,metric_changed,altoonapd,totalRegisteredCameras,347,355,
2026-09-28T20:10:01Z,metric_changed,anaheim,totalIntegratedCameras,714,733,
2026-09-28T20:10:01Z,metric_changed,anaheim,totalOwnedCameras,667,686,
2026-09-28T20:10:01Z,metric_changed,anaheim,subscribedCameras,636,655,
2026-09-28T20:10:01Z,metric_changed,anchoragepdak,totalRegisteredCameras,269,271,
2026-09-28T20:10:01Z,metric_changed,anchoragepdak,totalIntegratedCameras,41,46,
2026-09-28T20:10:01Z,metric_changed,anchoragepdak,totalOwnedCameras,19,24,
2026-09-28T20:10:01Z,metric_changed,anchoragepdak,subscribedCameras,19,24,
2026-09-28T20:10:01Z,metric_changed,ashevillepdnc,totalRegisteredCameras,12,16,
2026-09-28T20:10:01Z,metric_changed,ashevillepdnc,totalIntegratedCameras,19,344,
2026-09-28T20:10:01Z,metric_changed,ashevillepdnc,totalOwnedCameras,19,344,
2026-09-28T20:10:01Z,metric_changed,ashevillepdnc,subscribedCameras,7,332,
2026-09-28T20:10:01Z,metric_changed,auroragov,totalIntegratedCameras,934,935,
2026-09-28T20:10:01Z,metric_changed,auroragov,totalOwnedCameras,934,935,
2026-09-28T20:10:01Z,metric_changed,auroragov,subscribedCameras,934,935,
2026-09-28T20:10:01Z,metric_changed,baltimorecountypd,totalIntegratedCameras,592,616,
2026-09-28T20:10:01Z,metric_changed,baltimorecountypd,totalOwnedCameras,531,556,
2026-09-28T20:10:01Z,metric_changed,baltimorecountypd,totalSharedCameras,61,60,
2026-09-28T20:10:01Z,metric_changed,baltimorecountypd,subscribedCameras,500,525,
2026-09-28T20:10:01Z,metric_changed,baycounty,totalRegisteredCameras,1709,1713,
2026-09-28T20:10:01Z,metric_changed,baycounty,totalIntegratedCameras,1510,1515,
2026-09-28T20:10:01Z,metric_changed,baycounty,totalOwnedCameras,1156,1161,
2026-09-28T20:10:01Z,metric_changed,beaumonttx,totalRegisteredCameras,4043,4049,
2026-09-28T20:10:01Z,metric_changed,beaumonttx,totalIntegratedCameras,3793,3795,
2026-09-28T20:10:01Z,metric_changed,beaumonttx,totalOwnedCameras,1529,1531,
2026-09-28T20:10:01Z,metric_changed,beaumonttx,subscribedCameras,755,757,
2026-09-28T20:10:01Z,metric_changed,bendpd,totalRegisteredCameras,774,775,
2026-09-28T20:10:01Z,metric_changed,birminghampd,totalRegisteredCameras,773,793,
2026-09-28T20:10:01Z,metric_changed,birminghampd,totalIntegratedCameras,948,951,
2026-09-28T20:10:01Z,metric_changed,brooklynparkpdmn,totalIntegratedCameras,240,2114,
2026-09-28T20:10:01Z,metric_changed,brooklynparkpdmn,totalSharedCameras,0,1874,
2026-09-28T20:10:01Z,metric_changed,carypd,totalIntegratedCameras,1268,1265,
2026-09-28T20:10:01Z,metric_changed,charlottecounty,totalRegisteredCameras,2327,2333,
2026-09-28T20:10:01Z,metric_changed,charlottemecklenburg,totalRegisteredCameras,3109,3128,
2026-09-28T20:10:01Z,metric_changed,charlottemecklenburg,totalIntegratedCameras,1784,1789,
2026-09-28T20:10:01Z,metric_changed,charlottemecklenburg,totalOwnedCameras,1579,1584,
2026-09-28T20:10:01Z,metric_changed,charlottemecklenburg,subscribedCameras,1433,1438,
2026-09-28T20:10:01Z,metric_changed,chattanoogapd,totalIntegratedCameras,778,775,
2026-09-28T20:10:01Z,metric_changed,chattanoogapd,totalOwnedCameras,777,774,
2026-09-28T20:10:01Z,metric_changed,chattanoogapd,subscribedCameras,768,765,
2026-09-28T20:10:01Z,metric_changed,cherokeega,totalRegisteredCameras,625,633,
2026-09-28T20:10:01Z,metric_changed,cherokeega,totalIntegratedCameras,13420,13422,
2026-09-28T20:10:01Z,metric_changed,cherokeega,totalSharedCameras,548,549,
2026-09-28T20:10:01Z,metric_changed,chesterfieldcounty,totalRegisteredCameras,768,769,
2026-09-28T20:10:01Z,metric_changed,chesterfieldcounty,totalIntegratedCameras,11288,11184,
2026-09-28T20:10:01Z,metric_changed,chesterfieldcounty,totalOwnedCameras,1006,1017,
2026-09-28T20:10:01Z,metric_changed,chesterfieldcounty,totalSharedCameras,10220,10105,
2026-09-28T20:10:01Z,metric_changed,chesterfieldcounty,subscribedCameras,947,958,
2026-09-28T20:10:01Z,metric_changed,chicagoheights,totalIntegratedCameras,1221,1225,
2026-09-28T20:10:01Z,metric_changed,chicagoheights,totalOwnedCameras,1168,1172,
2026-09-28T20:10:01Z,metric_changed,chicagoheights,subscribedCameras,725,729,
2026-09-28T20:10:01Z,metric_changed,cincinnatipd,totalIntegratedCameras,844,846,
2026-09-28T20:10:01Z,metric_changed,cincinnatipd,totalOwnedCameras,801,803,
2026-09-28T20:10:01Z,metric_changed,cityofatlanta,totalRegisteredCameras,17517,17522,
2026-09-28T20:10:01Z,metric_changed,cityofatlanta,totalIntegratedCameras,28373,28381,
2026-09-28T20:10:01Z,metric_changed,cityofatlanta,totalOwnedCameras,2583,2584,
2026-09-28T20:10:01Z,metric_changed,cityofatlanta,totalSharedCameras,11643,11642,
2026-09-28T20:10:01Z,metric_changed,cityofatlanta,subscribedCameras,2549,2550,
2026-09-28T20:10:01Z,metric_changed,cityofmiamipd,totalIntegratedCameras,4373,4361,
2026-09-28T20:10:01Z,metric_changed,cityofmiamipd,totalOwnedCameras,1239,1227,
2026-09-28T20:10:01Z,metric_changed,cityofmiamipd,subscribedCameras,1221,1207,
2026-09-28T20:10:01Z,metric_changed,cityofomaha,totalRegisteredCameras,1258,1260,
2026-09-28T20:10:01Z,metric_changed,cityofomaha,totalIntegratedCameras,1625,1626,
2026-09-28T20:10:01Z,metric_changed,cityofomaha,totalOwnedCameras,760,761,
2026-09-28T20:10:01Z,metric_changed,cityofomaha,subscribedCameras,685,686,
2026-09-28T20:10:01Z,metric_changed,cityofroswell,totalIntegratedCameras,10641,10643,
2026-09-28T20:10:01Z,metric_changed,cityofroswell,totalSharedCameras,373,374,
2026-09-28T20:10:01Z,metric_changed,cityofshreveport,totalIntegratedCameras,2829,2838,
2026-09-28T20:10:01Z,metric_changed,cityofshreveport,totalOwnedCameras,2320,2329,
2026-09-28T20:10:01Z,metric_changed,cityofshreveport,subscribedCameras,2332,2341,
2026-09-28T20:10:01Z,metric_changed,claytoncountypd,totalIntegratedCameras,10827,10775,
2026-09-28T20:10:01Z,metric_changed,claytoncountypd,totalOwnedCameras,1025,972,
2026-09-28T20:10:01Z,metric_changed,claytoncountypd,subscribedCameras,1010,957,
2026-09-28T20:10:01Z,metric_changed,clevelanddps,totalRegisteredCameras,1763,1765,
2026-09-28T20:10:01Z,metric_changed,cobbcountypd,totalRegisteredCameras,3545,3547,
2026-09-28T20:10:01Z,metric_changed,cobbcountypd,totalIntegratedCameras,12808,12906,
2026-09-28T20:10:01Z,metric_changed,cobbcountypd,totalOwnedCameras,1275,1396,
2026-09-28T20:10:01Z,metric_changed,cobbcountypd,totalSharedCameras,4093,4069,
2026-09-28T20:10:01Z,metric_changed,cobbcountypd,subscribedCameras,997,1021,
2026-09-28T20:10:01Z,metric_changed,collegeparkga,totalIntegratedCameras,10505,10506,
2026-09-28T20:10:01Z,metric_changed,coloradospringspd,totalIntegratedCameras,1085,1100,
2026-09-28T20:10:01Z,metric_changed,coloradospringspd,totalOwnedCameras,946,961,
2026-09-28T20:10:01Z,metric_changed,coloradospringspd,subscribedCameras,845,860,
2026-09-28T20:10:01Z,metric_changed,coltonpdca,totalRegisteredCameras,345,348,
2026-09-28T20:10:01Z,metric_changed,columbuspdga,totalRegisteredCameras,2439,2443,
2026-09-28T20:10:01Z,metric_changed,covinapdca,totalRegisteredCameras,15,27,
2026-09-28T20:10:01Z,metric_changed,cummingpdga,totalIntegratedCameras,3094,3105,
2026-09-28T20:10:01Z,metric_changed,cummingpdga,totalOwnedCameras,167,177,
2026-09-28T20:10:01Z,metric_changed,cummingpdga,subscribedCameras,149,159,
2026-09-28T20:10:01Z,metric_changed,dallaspd,totalIntegratedCameras,1493,1495,
2026-09-28T20:10:01Z,metric_changed,dallaspd,totalOwnedCameras,1134,1136,
2026-09-28T20:10:01Z,metric_changed,dcmetro,totalRegisteredCameras,44140,44179,
2026-09-28T20:10:01Z,metric_changed,dearbornpdmi,totalIntegratedCameras,679,685,
2026-09-28T20:10:01Z,metric_changed,dearbornpdmi,totalOwnedCameras,518,524,
2026-09-28T20:10:01Z,metric_changed,dearbornpdmi,subscribedCameras,504,510,
2026-09-28T20:10:01Z,metric_changed,dekalbcountyga,totalRegisteredCameras,3523,3533,
2026-09-28T20:10:01Z,metric_changed,dentonpdtx,totalRegisteredCameras,2,12,
2026-09-28T20:10:01Z,metric_changed,dentonpdtx,totalIntegratedCameras,186,190,
2026-09-28T20:10:01Z,metric_changed,dentonpdtx,totalOwnedCameras,186,190,
2026-09-28T20:10:01Z,metric_changed,dothanpd,totalIntegratedCameras,182,180,
2026-09-28T20:10:01Z,metric_changed,dothanpd,totalOwnedCameras,182,180,
2026-09-28T20:10:01Z,metric_changed,douglasvillepolice,totalIntegratedCameras,12889,12890,
2026-09-28T20:10:01Z,metric_changed,eastpointpdga,totalIntegratedCameras,5112,5113,
2026-09-28T20:10:01Z,metric_changed,elcajonpdca,subscribedCameras,166,167,
2026-09-28T20:10:01Z,metric_changed,elizabethnj,totalIntegratedCameras,3442,3452,
2026-09-28T20:10:01Z,metric_changed,elizabethnj,totalOwnedCameras,625,635,
2026-09-28T20:10:01Z,metric_changed,elizabethnj,subscribedCameras,594,604,
2026-09-28T20:10:01Z,metric_changed,elyriapdoh,totalRegisteredCameras,174,178,
2026-09-28T20:10:01Z,metric_changed,escambiafl,totalRegisteredCameras,1493,1573,
2026-09-28T20:10:01Z,metric_changed,escambiafl,totalIntegratedCameras,1271,1273,
2026-09-28T20:10:01Z,metric_changed,escambiafl,totalOwnedCameras,917,919,
2026-09-28T20:10:01Z,metric_changed,escambiafl,subscribedCameras,367,369,
2026-09-28T20:10:01Z,metric_changed,fairfaxcopd,totalRegisteredCameras,3530,3565,
2026-09-28T20:10:01Z,metric_changed,fayettevillepd,totalIntegratedCameras,536,543,
2026-09-28T20:10:01Z,metric_changed,fayettevillepd,totalOwnedCameras,445,452,
2026-09-28T20:10:01Z,metric_changed,fayettevillepd,subscribedCameras,442,449,
2026-09-28T20:10:01Z,metric_changed,flaglercountysheriff,totalRegisteredCameras,933,934,
2026-09-28T20:10:01Z,metric_changed,forestparkpd,totalIntegratedCameras,10503,10505,
2026-09-28T20:10:01Z,metric_changed,forestparkpd,totalOwnedCameras,239,240,
2026-09-28T20:10:01Z,metric_changed,forestparkpd,subscribedCameras,221,222,
2026-09-28T20:10:01Z,metric_changed,forsyth,totalIntegratedCameras,1052,1050,
2026-09-28T20:10:01Z,metric_changed,forsyth,totalOwnedCameras,495,493,
2026-09-28T20:10:01Z,metric_changed,forsyth,subscribedCameras,475,473,
2026-09-28T20:10:01Z,metric_changed,forsythcosoga,totalIntegratedCameras,6923,6924,
2026-09-28T20:10:01Z,metric_changed,garypd,totalIntegratedCameras,1321,1325,
2026-09-28T20:10:01Z,metric_changed,garypd,totalOwnedCameras,795,799,
2026-09-28T20:10:01Z,metric_changed,garypd,subscribedCameras,750,754,
2026-09-28T20:10:01Z,metric_changed,grapevinepdtx,totalIntegratedCameras,261,259,
2026-09-28T20:10:01Z,metric_changed,grapevinepdtx,totalOwnedCameras,230,228,
2026-09-28T20:10:01Z,metric_changed,greeleypd,totalIntegratedCameras,2415,2425,
2026-09-28T20:10:01Z,metric_changed,greeleypd,totalOwnedCameras,245,255,
2026-09-28T20:10:01Z,metric_changed,greeleypd,subscribedCameras,229,239,
2026-09-28T20:10:01Z,metric_changed,greensboropd,totalRegisteredCameras,752,754,
2026-09-28T20:10:01Z,metric_changed,greensboropd,totalIntegratedCameras,1183,1208,
2026-09-28T20:10:01Z,metric_changed,greensboropd,totalOwnedCameras,716,741,
2026-09-28T20:10:01Z,metric_changed,greensboropd,subscribedCameras,676,701,
2026-09-28T20:10:01Z,metric_changed,guilfordsheriff,totalRegisteredCameras,870,872,
2026-09-28T20:10:01Z,metric_changed,hamiltoncoso,totalRegisteredCameras,1692,1694,
2026-09-28T20:10:01Z,metric_changed,harrisoncso,totalIntegratedCameras,504,505,
2026-09-28T20:10:01Z,metric_changed,harrisoncso,totalOwnedCameras,76,77,
2026-09-28T20:10:01Z,metric_changed,hcso,totalRegisteredCameras,289,293,
2026-09-28T20:10:01Z,metric_changed,henrycountypd,totalRegisteredCameras,4973,4982,
2026-09-28T20:10:01Z,metric_changed,henrycountypd,totalIntegratedCameras,13830,13832,
2026-09-28T20:10:01Z,metric_changed,henrycountypd,totalSharedCameras,3626,3627,
2026-09-28T20:10:01Z,metric_changed,highpointncpd,totalRegisteredCameras,1243,1248,
2026-09-28T20:10:01Z,metric_changed,hooverpd,totalIntegratedCameras,917,920,
2026-09-28T20:10:01Z,metric_changed,hopemillspd,totalIntegratedCameras,338,345,
2026-09-28T20:10:01Z,metric_changed,jacksonvillesheriff,totalIntegratedCameras,9770,9767,
2026-09-28T20:10:01Z,metric_changed,jacksonvillesheriff,totalOwnedCameras,2649,2647,
2026-09-28T20:10:01Z,metric_changed,jacksonvillesheriff,totalSharedCameras,6975,6974,
2026-09-28T20:10:01Z,metric_changed,jeffersoncountysheriff,totalRegisteredCameras,1471,1473,
2026-09-28T20:10:01Z,metric_changed,kennesawpd,totalIntegratedCameras,9229,9230,
2026-09-28T20:10:01Z,metric_changed,kentcountysd,totalRegisteredCameras,575,580,
2026-09-28T20:10:01Z,metric_changed,kentcountysd,totalIntegratedCameras,2710,2723,
2026-09-28T20:10:01Z,metric_changed,kentcountysd,totalOwnedCameras,740,753,
2026-09-28T20:10:01Z,metric_changed,kentcountysd,subscribedCameras,490,503,
2026-09-28T20:10:01Z,metric_changed,lafayettepd,totalIntegratedCameras,2210,2214,
2026-09-28T20:10:01Z,metric_changed,lafayettepd,totalOwnedCameras,1576,1580,
2026-09-28T20:10:01Z,metric_changed,lafayettepd,subscribedCameras,1545,1549,
2026-09-28T20:10:01Z,metric_changed,lapd,totalIntegratedCameras,271,273,
2026-09-28T20:10:01Z,metric_changed,lapd,totalOwnedCameras,271,273,
2026-09-28T20:10:01Z,metric_changed,lasd,totalRegisteredCameras,2177,2181,
2026-09-28T20:10:01Z,metric_changed,littlerockpd,totalRegisteredCameras,2859,2863,
2026-09-28T20:10:01Z,metric_changed,littlerockpd,totalIntegratedCameras,2567,2564,
2026-09-28T20:10:01Z,metric_changed,littlerockpd,totalOwnedCameras,1797,1794,
2026-09-28T20:10:01Z,metric_changed,littlerockpd,subscribedCameras,1904,1901,
2026-09-28T20:10:01Z,metric_changed,lynchburgpd,totalIntegratedCameras,716,740,
2026-09-28T20:10:01Z,metric_changed,lynchburgpd,totalOwnedCameras,716,740,
2026-09-28T20:10:01Z,metric_changed,lynchburgpd,subscribedCameras,708,732,
2026-09-28T20:10:01Z,metric_changed,martincountyso,totalIntegratedCameras,6030,6032,
2026-09-28T20:10:01Z,metric_changed,martincountyso,totalOwnedCameras,585,587,
2026-09-28T20:10:01Z,metric_changed,mcpdmd,totalRegisteredCameras,2260,2270,
2026-09-28T20:10:01Z,metric_changed,memphispd,totalRegisteredCameras,14156,14215,
2026-09-28T20:10:01Z,metric_changed,memphispd,totalIntegratedCameras,3096,3095,
2026-09-28T20:10:01Z,metric_changed,memphispd,totalOwnedCameras,2273,2272,
2026-09-28T20:10:01Z,metric_changed,memphispd,subscribedCameras,2129,2128,
2026-09-28T20:10:01Z,metric_changed,miamibeachpdfl,totalIntegratedCameras,525,527,
2026-09-28T20:10:01Z,metric_changed,miamibeachpdfl,totalOwnedCameras,525,527,
2026-09-28T20:10:01Z,metric_changed,modestopd,totalIntegratedCameras,424,429,
2026-09-28T20:10:01Z,metric_changed,modestopd,totalOwnedCameras,408,413,
2026-09-28T20:10:01Z,metric_changed,monroecoso,totalIntegratedCameras,783,868,
2026-09-28T20:10:01Z,metric_changed,monroecoso,totalOwnedCameras,783,868,
2026-09-28T20:10:01Z,metric_changed,monroecoso,subscribedCameras,716,801,
2026-09-28T20:10:01Z,metric_changed,mpls,totalIntegratedCameras,2716,2733,
2026-09-28T20:10:01Z,metric_changed,newcastlede,totalIntegratedCameras,168,161,
2026-09-28T20:10:01Z,metric_changed,newcastlede,totalOwnedCameras,160,153,
2026-09-28T20:10:01Z,metric_changed,newcastlede,subscribedCameras,91,84,
2026-09-28T20:10:01Z,metric_changed,newlondonpdct,totalIntegratedCameras,5,6,
2026-09-28T20:10:01Z,metric_changed,newlondonpdct,totalOwnedCameras,5,6,
2026-09-28T20:10:01Z,metric_changed,newportbeachpdca,totalRegisteredCameras,397,405,
2026-09-28T20:10:01Z,metric_changed,newportbeachpdca,totalIntegratedCameras,229,235,
2026-09-28T20:10:01Z,metric_changed,newportbeachpdca,totalOwnedCameras,170,176,
2026-09-28T20:10:01Z,metric_changed,newportbeachpdca,subscribedCameras,129,135,
2026-09-28T20:10:01Z,metric_changed,newtonsheriff,totalIntegratedCameras,3518,3527,
2026-09-28T20:10:01Z,metric_changed,norfolkpd,totalRegisteredCameras,440,441,
2026-09-28T20:10:01Z,metric_changed,norfolkpd,totalIntegratedCameras,3644,3656,
2026-09-28T20:10:01Z,metric_changed,norfolkpd,totalOwnedCameras,2023,2035,
2026-09-28T20:10:01Z,metric_changed,norfolkpd,subscribedCameras,1921,1933,
2026-09-28T20:10:01Z,metric_changed,northcharlestonpd,totalRegisteredCameras,1365,1369,
2026-09-28T20:10:01Z,metric_changed,northport,totalIntegratedCameras,891,893,
2026-09-28T20:10:01Z,metric_changed,northport,totalOwnedCameras,244,246,
2026-09-28T20:10:01Z,metric_changed,northport,subscribedCameras,200,202,
2026-09-28T20:10:01Z,metric_changed,oaklawn,totalRegisteredCameras,1424,1426,
2026-09-28T20:10:01Z,metric_changed,oaklawn,totalIntegratedCameras,2204,2205,
2026-09-28T20:10:01Z,metric_changed,oaklawn,totalOwnedCameras,954,955,
2026-09-28T20:10:01Z,metric_changed,ocsdca,totalIntegratedCameras,2884,2875,
2026-09-28T20:10:01Z,metric_changed,ocsdca,totalOwnedCameras,1352,1343,
2026-09-28T20:10:01Z,metric_changed,ocsdca,subscribedCameras,1207,1198,
2026-09-28T20:10:01Z,metric_changed,okaloosacounty,totalRegisteredCameras,781,783,
2026-09-28T20:10:01Z,metric_changed,okcpd,totalRegisteredCameras,1730,1731,
2026-09-28T20:10:01Z,metric_changed,okcpd,totalIntegratedCameras,6736,7147,
2026-09-28T20:10:01Z,metric_changed,okcpd,totalOwnedCameras,5897,6532,
2026-09-28T20:10:01Z,metric_changed,okcpd,totalSharedCameras,839,615,
2026-09-28T20:10:01Z,metric_changed,okcpd,subscribedCameras,1905,2034,
2026-09-28T20:10:01Z,metric_changed,ontariopolice,totalIntegratedCameras,2075,2095,
2026-09-28T20:10:01Z,metric_changed,ontariopolice,totalSharedCameras,746,766,
2026-09-28T20:10:01Z,metric_changed,orangecofl,totalIntegratedCameras,10416,10477,
2026-09-28T20:10:01Z,metric_changed,orlando,totalIntegratedCameras,4102,4099,
2026-09-28T20:10:01Z,metric_changed,orlando,totalOwnedCameras,1056,1053,
2026-09-28T20:10:01Z,metric_changed,orlando,subscribedCameras,1006,1003,
2026-09-28T20:10:01Z,metric_changed,overlandparkpdks,totalRegisteredCameras,6,7,
2026-09-28T20:10:01Z,metric_changed,patersonpdnj,totalRegisteredCameras,182,185,
2026-09-28T20:10:01Z,metric_changed,pbso,totalRegisteredCameras,1734,1885,
2026-09-28T20:10:01Z,metric_changed,pbso,totalIntegratedCameras,1501,1502,
2026-09-28T20:10:01Z,metric_changed,pbso,totalOwnedCameras,1015,1016,
2026-09-28T20:10:01Z,metric_changed,pbso,subscribedCameras,925,926,
2026-09-28T20:10:01Z,metric_changed,pgcountypd,totalRegisteredCameras,465,466,
2026-09-28T20:10:01Z,metric_changed,pgcountypd,totalIntegratedCameras,3223,2735,
2026-09-28T20:10:01Z,metric_changed,placerca,totalRegisteredCameras,550,558,
2026-09-28T20:10:01Z,metric_changed,planotx,totalRegisteredCameras,18,23,
2026-09-28T20:10:01Z,metric_changed,powderspringspd,totalIntegratedCameras,2954,2955,
2026-09-28T20:10:01Z,metric_changed,prairievillagepdks,totalRegisteredCameras,116,121,
2026-09-28T20:10:01Z,metric_changed,queencreekaz,totalIntegratedCameras,946,994,
2026-09-28T20:10:01Z,metric_changed,queencreekaz,totalOwnedCameras,442,490,
2026-09-28T20:10:01Z,metric_changed,queencreekaz,subscribedCameras,434,482,
2026-09-28T20:10:01Z,metric_changed,raleighncpd,totalRegisteredCameras,1862,1868,
2026-09-28T20:10:01Z,metric_changed,raleighncpd,totalIntegratedCameras,1621,1619,
2026-09-28T20:10:01Z,metric_changed,raleighncpd,totalOwnedCameras,1134,1131,
2026-09-28T20:10:01Z,metric_changed,raleighncpd,totalSharedCameras,56,57,
2026-09-28T20:10:01Z,metric_changed,raleighncpd,subscribedCameras,1131,1128,
2026-09-28T20:10:01Z,metric_changed,renopd,totalIntegratedCameras,881,945,
2026-09-28T20:10:01Z,metric_changed,rialtopd,totalIntegratedCameras,3610,3614,
2026-09-28T20:10:01Z,metric_changed,rialtopd,totalOwnedCameras,699,703,
2026-09-28T20:10:01Z,metric_changed,rialtopd,subscribedCameras,685,689,
2026-09-28T20:10:01Z,metric_changed,richmondva,totalRegisteredCameras,235,238,
2026-09-28T20:10:01Z,metric_changed,sacramentopd,totalRegisteredCameras,887,901,
2026-09-28T20:10:01Z,metric_changed,sacramentopd,totalIntegratedCameras,1762,1774,
2026-09-28T20:10:01Z,metric_changed,sacramentopd,totalSharedCameras,406,418,
2026-09-28T20:10:01Z,metric_changed,sanbernardinopdca,totalRegisteredCameras,152,156,
2026-09-28T20:10:01Z,metric_changed,sandyspringspd,totalRegisteredCameras,877,879,
2026-09-28T20:10:01Z,metric_changed,sandyspringspd,totalIntegratedCameras,15223,15225,
2026-09-28T20:10:01Z,metric_changed,sandyspringspd,totalSharedCameras,4381,4382,
2026-09-28T20:10:01Z,metric_changed,sanjose,totalIntegratedCameras,1483,1596,
2026-09-28T20:10:01Z,metric_changed,sanjose,totalOwnedCameras,1206,1319,
2026-09-28T20:10:01Z,metric_changed,sanmarcospdtx,totalRegisteredCameras,62,63,
2026-09-28T20:10:01Z,metric_changed,sanmateopd,totalRegisteredCameras,3101,3094,
2026-09-28T20:10:01Z,metric_changed,savannahpd,totalRegisteredCameras,1167,1168,
2026-09-28T20:10:01Z,metric_changed,savannahpd,totalIntegratedCameras,9258,9259,
2026-09-28T20:10:01Z,metric_changed,scrantonpd,totalRegisteredCameras,460,495,
2026-09-28T20:10:01Z,metric_changed,seagovillepdtx,totalIntegratedCameras,49,50,
2026-09-28T20:10:01Z,metric_changed,seagovillepdtx,totalOwnedCameras,49,50,
2026-09-28T20:10:01Z,metric_changed,seagovillepdtx,subscribedCameras,49,50,
2026-09-28T20:10:01Z,metric_changed,seatpleasantmd,totalIntegratedCameras,1527,1040,
2026-09-28T20:10:01Z,metric_changed,seattlepd,totalRegisteredCameras,882,883,
2026-09-28T20:10:01Z,metric_changed,shawneecosheriff,totalIntegratedCameras,2241,2242,
2026-09-28T20:10:01Z,metric_changed,shawneecosheriff,totalOwnedCameras,641,642,
2026-09-28T20:10:01Z,metric_changed,shawneecosheriff,subscribedCameras,541,542,
2026-09-28T20:10:01Z,metric_changed,smyrnaga,totalIntegratedCameras,13064,13065,
2026-09-28T20:10:01Z,metric_changed,southbendpd,totalRegisteredCameras,2525,2529,
2026-09-28T20:10:01Z,metric_changed,southfultonga,totalIntegratedCameras,14804,14805,
2026-09-28T20:10:01Z,metric_changed,sparkspdnv,totalIntegratedCameras,658,749,
2026-09-28T20:10:01Z,metric_changed,sparkspdnv,totalOwnedCameras,215,216,
2026-09-28T20:10:01Z,metric_changed,sparkspdnv,subscribedCameras,201,202,
2026-09-28T20:10:01Z,metric_changed,spartanburgpd,totalIntegratedCameras,652,674,
2026-09-28T20:10:01Z,metric_changed,spartanburgpd,totalOwnedCameras,648,670,
2026-09-28T20:10:01Z,metric_changed,spartanburgpd,subscribedCameras,648,670,
2026-09-28T20:10:01Z,metric_changed,springfieldpd,totalIntegratedCameras,2546,2550,
2026-09-28T20:10:01Z,metric_changed,springfieldpd,totalOwnedCameras,2473,2477,
2026-09-28T20:10:01Z,metric_changed,springfieldpdmo,totalRegisteredCameras,14,15,
2026-09-28T20:10:01Z,metric_changed,statesboropd,totalIntegratedCameras,14447,14449,
2026-09-28T20:10:01Z,metric_changed,statesboropd,totalSharedCameras,4131,4132,
2026-09-28T20:10:01Z,metric_changed,stcloud,totalIntegratedCameras,9164,9228,
2026-09-28T20:10:01Z,metric_changed,stcloud,totalOwnedCameras,1862,1926,
2026-09-28T20:10:01Z,metric_changed,stcloud,subscribedCameras,1839,1903,
2026-09-28T20:10:01Z,metric_changed,stjohnscountyso,totalIntegratedCameras,1309,1303,
2026-09-28T20:10:01Z,metric_changed,stjohnscountyso,totalOwnedCameras,1123,1117,
2026-09-28T20:10:01Z,metric_changed,stjohnscountyso,subscribedCameras,1077,1071,
2026-09-28T20:10:01Z,metric_changed,stpaulpdmn,totalRegisteredCameras,65,66,
2026-09-28T20:10:01Z,metric_changed,tucsonpd,totalIntegratedCameras,632,637,
2026-09-28T20:10:01Z,metric_changed,tucsonpd,totalOwnedCameras,461,466,
2026-09-28T20:10:01Z,metric_changed,tucsonpd,subscribedCameras,462,467,
2026-09-28T20:10:01Z,metric_changed,virginiabeachpd,totalIntegratedCameras,3301,3308,
2026-09-28T20:10:01Z,metric_changed,wakecounty,totalOwnedCameras,285,287,
2026-09-28T20:10:01Z,metric_changed,wakecounty,totalSharedCameras,57,58,
2026-09-28T20:10:01Z,metric_changed,wakecounty,subscribedCameras,253,255,
2026-09-28T20:10:01Z,metric_changed,warnerrobinspd,totalIntegratedCameras,9230,9231,
2026-09-28T20:10:01Z,metric_changed,warrenpdmi,totalIntegratedCameras,223,238,
2026-09-28T20:10:01Z,metric_changed,warrenpdmi,totalSharedCameras,79,94,
2026-09-28T20:10:01Z,metric_changed,westsacramento,totalIntegratedCameras,512,513,
2026-09-28T20:10:01Z,metric_changed,westsacramento,totalOwnedCameras,339,340,
2026-09-28T20:10:01Z,metric_changed,westsacramento,subscribedCameras,328,329,
2026-09-28T20:10:01Z,metric_changed,wheatonpd,totalRegisteredCameras,427,428,
2026-09-28T20:10:01Z,metric_changed,wichitapdks,totalRegisteredCameras,4,9,
2026-09-28T20:10:01Z,metric_changed,wichitapdks,totalIntegratedCameras,365,370,
2026-09-28T20:10:01Z,metric_changed,wichitapdks,totalOwnedCameras,344,349,
2026-09-28T20:10:01Z,metric_changed,wichitapdks,subscribedCameras,311,316,
2026-09-28T20:10:01Z,collection_issue,riverdalepd,status,,error,HTTP 404
2026-09-28T20:10:01Z,collection_issue,troypdil,status,,error,HTTP 404
2026-10-08T16:19:55Z,listing_added,alexandriapd,alexandria,,"[{""id"": ""alexandria"", ""image"": ""https://cdn.swell.store/fusus-atlanta/6659d3aef69888001258468e/d4ade78d49b92b66e15e58d4b2396938/background.jpg"", ""location"": {""city"": ""Alexandria"", ""coords"": {""lat"": 38.80719, ""lng"": -77.09174}, ""state"": ""VA""}, ""org"": ""alexandriapd"", ""registry"": ""https://alexandriapd.fususregistry.com/camera-registry"", ""title"": ""Connect Alexandria"", ""url"": ""https://connectalexandria.org""}]",Directory membership change; not proof of newly installed cameras.
2026-10-08T16:19:55Z,listing_added,bristolctpd,bristol,,"[{""id"": ""bristol"", ""image"": ""https://cdn.swell.store/fusus-atlanta/6a873881b2f80b00133f192c/6933d949d172e30c9a0a663d42989084?width=1800&height=700"", ""location"": {""city"": ""Bristol"", ""coords"": {""lat"": 41.67428, ""lng"": -72.94684}, ""state"": ""CT""}, ""org"": ""bristolctpd"", ""registry"": ""https://bristolctpd.fususregistry.com/camera-registry"", ""title"": ""Connect Bristol"", ""url"": ""https://connectbristolpd.org""}]",Directory membership change; not proof of newly installed cameras.
2026-10-08T16:19:55Z,listing_added,brunswickpdga,brunswick,,"[{""id"": ""brunswick"", ""image"": ""https://cdn.swell.store/fusus-atlanta/6a71e1b70880800012dfe54a/26c27a9ab84489a683a6a7679f6c4b67"", ""location"": {""city"": ""Brunswick"", ""coords"": {""lat"": 31.14607, ""lng"": -81.49506}, ""state"": ""GA""}, ""org"": ""brunswickpdga"", ""registry"": ""https://brunswickpdga.fususregistry.com/camera-registry"", ""title"": ""Connect Brunswick"", ""url"": ""https://connectbrunswick.org""}]",Directory membership change; not proof of newly installed cameras.
2026-10-08T16:19:55Z,listing_added,dubuquepdia,dubuque,,"[{""id"": ""dubuque"", ""image"": ""https://cdn.swell.store/fusus-atlanta/69bd5c8f7fe8bc0012fb9ab1/5ee71e260ffd0ea71babd9b8a30a2a66"", ""location"": {""city"": ""Dubuque"", ""coords"": {""lat"": 42.5017, ""lng"": -90.66549}, ""state"": ""IA""}, ""org"": ""dubuquepdia"", ""registry"": ""https://dubuquepdia.fususregistry.com/camera-registry"", ""title"": ""Connect Dubuque"", ""url"": ""https://connectdubuque.org""}]",Directory membership change; not proof of newly installed cameras.
2026-10-08T16:19:55Z,listing_added,duckpdnc,duck-nc,,"[{""id"": ""duck-nc"", ""image"": ""https://cdn.swell.store/fusus-atlanta/6a997473661dad00117b3352/77e962323a7ebd090f66a044e7d18008?width=1800&height=600"", ""location"": {""city"": ""Duck"", ""coords"": {""lat"": 36.16558, ""lng"": -75.75402}, ""state"": ""NC""}, ""org"": ""duckpdnc"", ""registry"": ""https://duckpdnc.fususregistry.com/camera-registry"", ""title"": ""Connect Duck"", ""url"": ""https://connectduckpdnc.org""}]",Directory membership change; not proof of newly installed cameras.
2026-10-08T16:19:55Z,listing_added,fortdodgepdia,fort-dodge,,"[{""id"": ""fort-dodge"", ""image"": ""https://cdn.swell.store/fusus-atlanta/6a846f3820b4cd00127abfeb/b88fbf37301d61dcc0f8e6e37e7505e7?width=1600&height=500"", ""location"": {""city"": ""Fort Dodge"", ""coords"": {""lat"": 42.50444, ""lng"": -94.18813}, ""state"": ""IA""}, ""org"": ""fortdodgepdia"", ""registry"": ""https://fortdodgepdia.fususregistry.com/camera-registry"", ""title"": ""Fort Dodge CARES"", ""url"": ""https://fortdodgecares.org""}]",Directory membership change; not proof of newly installed cameras.
2026-10-08T16:19:55Z,listing_added,fountainvalleypdca,fount-valley,,"[{""id"": ""fount-valley"", ""image"": ""https://cdn.swell.store/fusus-atlanta/6a43d413f8a885001223f6d0/7b6aeea26329d23e43aee4701c35c168"", ""location"": {""city"": ""Fountain Valley"", ""coords"": {""lat"": 33.70887, ""lng"": -117.95215}, ""state"": ""CA""}, ""org"": ""fountainvalleypdca"", ""registry"": ""https://fountainvalleypdca.fususregistry.com/camera-registry"", ""title"": ""SafeFV"", ""url"": ""https://safefv.org""}]",Directory membership change; not proof of newly installed cameras.
2026-10-08T16:19:55Z,listing_added,gardengrovepdca,garden-grove,,"[{""id"": ""garden-grove"", ""image"": ""https://cdn.swell.store/fusus-atlanta/6a189f5d50a5090012594cd2/bd5c6c98288c2273123cc57511fabcc2"", ""location"": {""city"": ""Garden Grove"", ""coords"": {""lat"": 33.77649, ""lng"": -117.93576}, ""state"": ""CA""}, ""org"": ""gardengrovepdca"", ""registry"": ""https://gardengrovepdca.fususregistry.com/camera-registry"", ""title"": ""Connect Garden Grove"", ""url"": ""https://connectgardengrove.org""}]",Directory membership change; not proof of newly installed cameras.
2026-10-08T16:19:55Z,listing_added,meridianpdid,meridian-id,,"[{""id"": ""meridian-id"", ""image"": ""https://cdn.swell.store/fusus-atlanta/6a32cb6596384b00120719e0/112c528740094a76ba1f420badd7654f"", ""location"": {""city"": ""Meridian"", ""coords"": {""lat"": 43.60008, ""lng"": -116.37667}, ""state"": ""ID""}, ""org"": ""meridianpdid"", ""registry"": ""https://meridianpdid.fususregistry.com/camera-registry"", ""title"": ""Connect MPD"", ""url"": ""https://connectmpd.org""}]",Directory membership change; not proof of newly installed cameras.
2026-10-08T16:19:55Z,listing_added,trussvillepd,trussville,,"[{""id"": ""trussville"", ""image"": ""https://cdn.swell.store/fusus-atlanta/69cd357463565200121a2163/f4e42a652a10de682f5630f04a1235f6"", ""location"": {""city"": ""Trussville"", ""coords"": {""lat"": 33.62084, ""lng"": -86.60337}, ""state"": ""AL""}, ""org"": ""trussvillepd"", ""registry"": ""https://trussvillepd.fususregistry.com/camera-registry"", ""title"": ""Connect Trussville"", ""url"": ""https://trussvilleconnect.org""}]",Directory membership change; not proof of newly installed cameras.
2026-10-08T16:19:55Z,listing_added,None,uni-alaska,,"[{""id"": ""uni-alaska"", ""image"": ""https://cdn.swell.store/fusus-atlanta/6a43bf98265b5f00121e7954/a0e03033d3bd054b22ec0b99d385e80b?width=1800&height=700"", ""location"": {""city"": ""University of Alaska Fairbanks"", ""coords"": {""lat"": 64.85846, ""lng"": -147.82212}, ""state"": ""AK""}, ""org"": null, ""registry"": null, ""title"": ""Connect University of Alaska Fairbanks"", ""url"": ""https://connectuaf.org""}]",Directory membership change; not proof of newly installed cameras.
2026-10-08T16:19:55Z,metric_changed,aacounty,totalRegisteredCameras,1028,1060,
2026-10-08T16:19:55Z,metric_changed,aacounty,totalIntegratedCameras,3177,3185,
2026-10-08T16:19:55Z,metric_changed,aacounty,totalOwnedCameras,2372,2380,
2026-10-08T16:19:55Z,metric_changed,aacounty,subscribedCameras,2336,2345,
2026-10-08T16:19:55Z,metric_changed,accpd,totalIntegratedCameras,4325,4336,
2026-10-08T16:19:55Z,metric_changed,acworthga,totalIntegratedCameras,10557,10567,
2026-10-08T16:19:55Z,metric_changed,alachuasheriff,totalRegisteredCameras,0,135,
2026-10-08T16:19:55Z,metric_changed,alachuasheriff,totalIntegratedCameras,216,221,
2026-10-08T16:19:55Z,metric_changed,alachuasheriff,totalSharedCameras,0,5,
2026-10-08T16:19:55Z,metric_changed,albanypolice,totalRegisteredCameras,731,733,
2026-10-08T16:19:55Z,metric_changed,albanypolice,totalIntegratedCameras,13936,14051,
2026-10-08T16:19:55Z,metric_changed,albanypolice,totalSharedCameras,3414,3519,
2026-10-08T16:19:55Z,metric_changed,alsipil,totalRegisteredCameras,738,740,
2026-10-08T16:19:55Z,metric_changed,anaheim,totalIntegratedCameras,733,704,
2026-10-08T16:19:55Z,metric_changed,anaheim,totalOwnedCameras,686,657,
2026-10-08T16:19:55Z,metric_changed,anaheim,subscribedCameras,655,626,
2026-10-08T16:19:55Z,metric_changed,anokacountysomn,totalIntegratedCameras,2674,2681,
2026-10-08T16:19:55Z,metric_changed,anokacountysomn,totalOwnedCameras,635,633,
2026-10-08T16:19:55Z,metric_changed,anokacountysomn,subscribedCameras,634,632,
2026-10-08T16:19:55Z,metric_changed,auroragov,totalIntegratedCameras,935,936,
2026-10-08T16:19:55Z,metric_changed,auroragov,totalOwnedCameras,935,936,
2026-10-08T16:19:55Z,metric_changed,auroragov,subscribedCameras,935,936,
2026-10-08T16:19:55Z,metric_changed,baltimorecountypd,totalIntegratedCameras,616,626,
2026-10-08T16:19:55Z,metric_changed,baltimorecountypd,totalSharedCameras,60,70,
2026-10-08T16:19:55Z,metric_changed,bartowfl,totalRegisteredCameras,0,1,
2026-10-08T16:19:55Z,metric_changed,baycounty,totalRegisteredCameras,1713,1722,
2026-10-08T16:19:55Z,metric_changed,baycounty,totalIntegratedCameras,1515,1517,
2026-10-08T16:19:55Z,metric_changed,baycounty,totalOwnedCameras,1161,1163,
2026-10-08T16:19:55Z,metric_changed,baycounty,subscribedCameras,1128,1130,
2026-10-08T16:19:55Z,metric_changed,beaumonttx,totalRegisteredCameras,4049,4053,
2026-10-08T16:19:55Z,metric_changed,beaumonttx,totalIntegratedCameras,3795,3800,
2026-10-08T16:19:55Z,metric_changed,beaumonttx,totalOwnedCameras,1531,1536,
2026-10-08T16:19:55Z,metric_changed,beaumonttx,subscribedCameras,757,762,
2026-10-08T16:19:55Z,metric_changed,bendpd,totalRegisteredCameras,775,785,
2026-10-08T16:19:55Z,metric_changed,birminghampd,totalRegisteredCameras,793,805,
2026-10-08T16:19:55Z,metric_changed,bradentonfl,totalIntegratedCameras,3160,3158,
2026-10-08T16:19:55Z,metric_changed,bradentonfl,totalOwnedCameras,269,267,
2026-10-08T16:19:55Z,metric_changed,brooklynparkpdmn,totalRegisteredCameras,503,515,
2026-10-08T16:19:55Z,metric_changed,brooklynparkpdmn,totalIntegratedCameras,2114,2117,
2026-10-08T16:19:55Z,metric_changed,brooklynparkpdmn,totalOwnedCameras,229,232,
2026-10-08T16:19:55Z,metric_changed,brooklynparkpdmn,subscribedCameras,205,208,
2026-10-08T16:19:55Z,metric_changed,buncombesheriff,totalIntegratedCameras,2689,2693,
2026-10-08T16:19:55Z,metric_changed,buncombesheriff,totalOwnedCameras,437,441,
2026-10-08T16:19:55Z,metric_changed,carencropd,totalIntegratedCameras,1610,1606,
2026-10-08T16:19:55Z,metric_changed,carencropd,totalOwnedCameras,215,211,
2026-10-08T16:19:55Z,metric_changed,carencropd,subscribedCameras,215,211,
2026-10-08T16:19:55Z,metric_changed,carlsbadpdnm,totalMaxCameras,0,225,
2026-10-08T16:19:55Z,metric_changed,carypd,totalIntegratedCameras,1265,1273,
2026-10-08T16:19:55Z,metric_changed,carypd,totalOwnedCameras,841,851,
2026-10-08T16:19:55Z,metric_changed,carypd,subscribedCameras,840,850,
2026-10-08T16:19:55Z,metric_changed,charlestonpd,totalIntegratedCameras,577,576,
2026-10-08T16:19:55Z,metric_changed,charlestonpd,totalOwnedCameras,501,500,
2026-10-08T16:19:55Z,metric_changed,charlestonpd,subscribedCameras,466,465,
2026-10-08T16:19:55Z,metric_changed,charlottemecklenburg,totalRegisteredCameras,3128,3166,
2026-10-08T16:19:55Z,metric_changed,charlottemecklenburg,totalIntegratedCameras,1789,1823,
2026-10-08T16:19:55Z,metric_changed,charlottemecklenburg,totalOwnedCameras,1584,1618,
2026-10-08T16:19:55Z,metric_changed,charlottemecklenburg,subscribedCameras,1438,1472,
2026-10-08T16:19:55Z,metric_changed,cherokeega,totalRegisteredCameras,633,635,
2026-10-08T16:19:55Z,metric_changed,cherokeega,totalIntegratedCameras,13422,13429,
2026-10-08T16:19:55Z,metric_changed,chesterfieldcounty,totalIntegratedCameras,11184,11095,
2026-10-08T16:19:55Z,metric_changed,chesterfieldcounty,totalOwnedCameras,1017,990,
2026-10-08T16:19:55Z,metric_changed,chesterfieldcounty,totalSharedCameras,10105,10043,
2026-10-08T16:19:55Z,metric_changed,chesterfieldcounty,subscribedCameras,958,931,
2026-10-08T16:19:55Z,metric_changed,chicopee,totalRegisteredCameras,128,135,
2026-10-08T16:19:55Z,metric_changed,chicopee,totalIntegratedCameras,512,522,
2026-10-08T16:19:55Z,metric_changed,chicopee,totalOwnedCameras,512,522,
2026-10-08T16:19:55Z,metric_changed,chicopee,subscribedCameras,509,519,
2026-10-08T16:19:55Z,metric_changed,ciceropd,totalIntegratedCameras,549,551,
2026-10-08T16:19:55Z,metric_changed,ciceropd,totalOwnedCameras,549,551,
2026-10-08T16:19:55Z,metric_changed,ciceropd,subscribedCameras,541,543,
2026-10-08T16:19:55Z,metric_changed,cincinnatipd,totalRegisteredCameras,1721,1723,
2026-10-08T16:19:55Z,metric_changed,cincinnatipd,totalIntegratedCameras,846,844,
2026-10-08T16:19:55Z,metric_changed,cincinnatipd,totalOwnedCameras,803,801,
2026-10-08T16:19:55Z,metric_changed,cityofatlanta,totalIntegratedCameras,28381,28396,
2026-10-08T16:19:55Z,metric_changed,cityofatlanta,totalOwnedCameras,2584,2597,
2026-10-08T16:19:55Z,metric_changed,cityofatlanta,totalSharedCameras,11642,11643,
2026-10-08T16:19:55Z,metric_changed,cityofatlanta,subscribedCameras,2550,2561,
2026-10-08T16:19:55Z,metric_changed,cityofmiamipd,totalIntegratedCameras,4361,4355,
2026-10-08T16:19:55Z,metric_changed,cityofmiamipd,totalOwnedCameras,1227,1221,
2026-10-08T16:19:55Z,metric_changed,cityofmiamipd,subscribedCameras,1207,1203,
2026-10-08T16:19:55Z,metric_changed,cityofomaha,totalIntegratedCameras,1626,1643,
2026-10-08T16:19:55Z,metric_changed,cityofomaha,totalOwnedCameras,761,760,
2026-10-08T16:19:55Z,metric_changed,cityofomaha,totalSharedCameras,764,782,
2026-10-08T16:19:55Z,metric_changed,cityofomaha,subscribedCameras,686,687,
2026-10-08T16:19:55Z,metric_changed,cityofroswell,totalIntegratedCameras,10643,10650,
2026-10-08T16:19:55Z,metric_changed,cityofroswell,totalOwnedCameras,512,509,
2026-10-08T16:19:55Z,metric_changed,cityofroswell,subscribedCameras,511,508,
2026-10-08T16:19:55Z,metric_changed,cityofshreveport,totalIntegratedCameras,2838,2862,
2026-10-08T16:19:55Z,metric_changed,cityofshreveport,totalOwnedCameras,2329,2348,
2026-10-08T16:19:55Z,metric_changed,cityofshreveport,totalSharedCameras,509,514,
2026-10-08T16:19:55Z,metric_changed,cityofshreveport,subscribedCameras,2341,2360,
2026-10-08T16:19:55Z,metric_changed,cityofstarkville,totalIntegratedCameras,863,875,
2026-10-08T16:19:55Z,metric_changed,cityofstarkville,totalOwnedCameras,586,598,
2026-10-08T16:19:55Z,metric_changed,cityofstarkville,subscribedCameras,575,587,
2026-10-08T16:19:55Z,metric_changed,cityofws,totalIntegratedCameras,3292,3345,
2026-10-08T16:19:55Z,metric_changed,cityofws,totalOwnedCameras,1756,1809,
2026-10-08T16:19:55Z,metric_changed,cityofws,subscribedCameras,1740,1791,
2026-10-08T16:19:55Z,metric_changed,claycountysheriff,totalIntegratedCameras,3391,3398,
2026-10-08T16:19:55Z,metric_changed,claycountysheriff,totalOwnedCameras,3223,3230,
2026-10-08T16:19:55Z,metric_changed,claycountysheriff,subscribedCameras,3218,3225,
2026-10-08T16:19:55Z,metric_changed,claytoncountypd,totalIntegratedCameras,10775,10785,
2026-10-08T16:19:55Z,metric_changed,cobbcountypd,totalRegisteredCameras,3547,3559,
2026-10-08T16:19:55Z,metric_changed,cobbcountypd,totalIntegratedCameras,12906,13037,
2026-10-08T16:19:55Z,metric_changed,cobbcountypd,totalOwnedCameras,1396,1516,
2026-10-08T16:19:55Z,metric_changed,collegeparkga,totalIntegratedCameras,10506,10516,
2026-10-08T16:19:55Z,metric_changed,coloradospringspd,totalIntegratedCameras,1100,1099,
2026-10-08T16:19:55Z,metric_changed,coloradospringspd,totalOwnedCameras,961,960,
2026-10-08T16:19:55Z,metric_changed,coloradospringspd,subscribedCameras,860,859,
2026-10-08T16:19:55Z,metric_changed,covinapdca,totalRegisteredCameras,27,37,
2026-10-08T16:19:55Z,metric_changed,crestwoodpdil,totalIntegratedCameras,90,118,
2026-10-08T16:19:55Z,metric_changed,crestwoodpdil,totalSharedCameras,86,114,
2026-10-08T16:19:55Z,metric_changed,cummingpdga,totalIntegratedCameras,3105,3116,
2026-10-08T16:19:55Z,metric_changed,dallaspd,totalRegisteredCameras,4054,4067,
2026-10-08T16:19:55Z,metric_changed,dallaspd,totalIntegratedCameras,1495,1530,
2026-10-08T16:19:55Z,metric_changed,dallaspd,totalOwnedCameras,1136,1171,
2026-10-08T16:19:55Z,metric_changed,dallaspd,subscribedCameras,1040,1077,
2026-10-08T16:19:55Z,metric_changed,dalycitypdca,totalIntegratedCameras,87,94,
2026-10-08T16:19:55Z,metric_changed,dalycitypdca,totalOwnedCameras,46,53,
2026-10-08T16:19:55Z,metric_changed,dalycitypdca,subscribedCameras,15,22,
2026-10-08T16:19:55Z,metric_changed,dcmetro,totalRegisteredCameras,44179,44206,
2026-10-08T16:19:55Z,metric_changed,dearbornpdmi,totalRegisteredCameras,689,710,
2026-10-08T16:19:55Z,metric_changed,dearbornpdmi,totalIntegratedCameras,685,695,
2026-10-08T16:19:55Z,metric_changed,dearbornpdmi,totalOwnedCameras,524,534,
2026-10-08T16:19:55Z,metric_changed,dearbornpdmi,subscribedCameras,510,520,
2026-10-08T16:19:55Z,metric_changed,dekalbcountyga,totalIntegratedCameras,9123,9120,
2026-10-08T16:19:55Z,metric_changed,dekalbcountyga,totalOwnedCameras,901,899,
2026-10-08T16:19:55Z,metric_changed,dekalbcountyga,subscribedCameras,751,752,
2026-10-08T16:19:55Z,metric_changed,delraybeach,totalIntegratedCameras,523,524,
2026-10-08T16:19:55Z,metric_changed,delraybeach,totalOwnedCameras,297,298,
2026-10-08T16:19:55Z,metric_changed,dentonpdtx,totalIntegratedCameras,190,192,
2026-10-08T16:19:55Z,metric_changed,dentonpdtx,totalOwnedCameras,190,192,
2026-10-08T16:19:55Z,metric_changed,dothanpd,totalIntegratedCameras,180,239,
2026-10-08T16:19:55Z,metric_changed,dothanpd,totalOwnedCameras,180,239,
2026-10-08T16:19:55Z,metric_changed,dothanpd,subscribedCameras,174,233,
2026-10-08T16:19:55Z,metric_changed,douglascountysonv,totalMaxCameras,100,150,
2026-10-08T16:19:55Z,metric_changed,douglasvillepolice,totalIntegratedCameras,12890,12900,
2026-10-08T16:19:55Z,metric_changed,eastpointpdga,totalIntegratedCameras,5113,5121,
2026-10-08T16:19:55Z,metric_changed,eastpointpdga,totalOwnedCameras,382,380,
2026-10-08T16:19:55Z,metric_changed,escambiafl,totalRegisteredCameras,1573,1591,
2026-10-08T16:19:55Z,metric_changed,escambiafl,totalIntegratedCameras,1273,1272,
2026-10-08T16:19:55Z,metric_changed,escambiafl,totalOwnedCameras,919,918,
2026-10-08T16:19:55Z,metric_changed,escambiafl,subscribedCameras,369,368,
2026-10-08T16:19:55Z,metric_changed,fairfaxcopd,totalRegisteredCameras,3565,3587,
2026-10-08T16:19:55Z,metric_changed,fairfaxcopd,totalIntegratedCameras,2188,2223,
2026-10-08T16:19:55Z,metric_changed,fairfaxcopd,totalOwnedCameras,724,759,
2026-10-08T16:19:55Z,metric_changed,fairfaxcopd,subscribedCameras,623,660,
2026-10-08T16:19:55Z,metric_changed,farmingtonpd,totalRegisteredCameras,55,58,
2026-10-08T16:19:55Z,metric_changed,fayettevillepd,totalIntegratedCameras,543,547,
2026-10-08T16:19:55Z,metric_changed,fayettevillepd,totalOwnedCameras,452,456,
2026-10-08T16:19:55Z,metric_changed,fayettevillepd,subscribedCameras,449,453,
2026-10-08T16:19:55Z,metric_changed,forestparkpd,totalIntegratedCameras,10505,10518,
2026-10-08T16:19:55Z,metric_changed,forestparkpd,totalOwnedCameras,240,242,
2026-10-08T16:19:55Z,metric_changed,forestparkpd,subscribedCameras,222,224,
2026-10-08T16:19:55Z,metric_changed,forsyth,totalRegisteredCameras,1442,1443,
2026-10-08T16:19:55Z,metric_changed,forsythcosoga,totalRegisteredCameras,776,808,
2026-10-08T16:19:55Z,metric_changed,forsythcosoga,totalIntegratedCameras,6924,6935,
2026-10-08T16:19:55Z,metric_changed,garypd,totalRegisteredCameras,1672,1674,
2026-10-08T16:19:55Z,metric_changed,garypd,totalIntegratedCameras,1325,1320,
2026-10-08T16:19:55Z,metric_changed,garypd,totalOwnedCameras,799,793,
2026-10-08T16:19:55Z,metric_changed,garypd,subscribedCameras,754,734,
2026-10-08T16:19:55Z,metric_changed,glendorapdca,totalIntegratedCameras,101,99,
2026-10-08T16:19:55Z,metric_changed,glendorapdca,totalOwnedCameras,101,99,
2026-10-08T16:19:55Z,metric_changed,glendorapdca,subscribedCameras,101,99,
2026-10-08T16:19:55Z,metric_changed,greensboropd,totalIntegratedCameras,1208,1232,
2026-10-08T16:19:55Z,metric_changed,greensboropd,totalOwnedCameras,741,765,
2026-10-08T16:19:55Z,metric_changed,greensboropd,subscribedCameras,701,725,
2026-10-08T16:19:55Z,metric_changed,guilfordsheriff,totalRegisteredCameras,872,874,
2026-10-08T16:19:55Z,metric_changed,guilfordsheriff,totalIntegratedCameras,226,229,
2026-10-08T16:19:55Z,metric_changed,guilfordsheriff,totalOwnedCameras,181,184,
2026-10-08T16:19:55Z,metric_changed,guilfordsheriff,subscribedCameras,180,183,
2026-10-08T16:19:55Z,metric_changed,hammondpd,totalIntegratedCameras,1325,1326,
2026-10-08T16:19:55Z,metric_changed,hammondpd,totalOwnedCameras,1193,1194,
2026-10-08T16:19:55Z,metric_changed,hammondpd,subscribedCameras,823,824,
2026-10-08T16:19:55Z,metric_changed,harrisoncso,totalRegisteredCameras,559,563,
2026-10-08T16:19:55Z,metric_changed,harrisoncso,totalIntegratedCameras,505,518,
2026-10-08T16:19:55Z,metric_changed,harrisoncso,totalOwnedCameras,77,90,
2026-10-08T16:19:55Z,metric_changed,harrisoncso,subscribedCameras,72,82,
2026-10-08T16:19:55Z,metric_changed,hcso,totalRegisteredCameras,293,300,
2026-10-08T16:19:55Z,metric_changed,hcso,totalIntegratedCameras,4851,4853,
2026-10-08T16:19:55Z,metric_changed,hcso,totalOwnedCameras,1653,1655,
2026-10-08T16:19:55Z,metric_changed,hennepincountyso,totalRegisteredCameras,457,470,
2026-10-08T16:19:55Z,metric_changed,hennepincountyso,totalIntegratedCameras,3008,3023,
2026-10-08T16:19:55Z,metric_changed,henrycountypd,totalRegisteredCameras,4982,4983,
2026-10-08T16:19:55Z,metric_changed,henrycountypd,totalIntegratedCameras,13832,13842,
2026-10-08T16:19:55Z,metric_changed,highpointncpd,totalRegisteredCameras,1248,1263,
2026-10-08T16:19:55Z,metric_changed,highpointncpd,totalIntegratedCameras,573,579,
2026-10-08T16:19:55Z,metric_changed,highpointncpd,totalOwnedCameras,474,480,
2026-10-08T16:19:55Z,metric_changed,hopemillspd,totalIntegratedCameras,345,349,
2026-10-08T16:19:55Z,metric_changed,indianriversheriff,totalRegisteredCameras,220,224,
2026-10-08T16:19:55Z,metric_changed,jacksonpdtn,totalRegisteredCameras,0,5,
2026-10-08T16:19:55Z,metric_changed,jacksonvillesheriff,totalRegisteredCameras,6809,6828,
2026-10-08T16:19:55Z,metric_changed,jacksonvillesheriff,totalIntegratedCameras,9767,9815,
2026-10-08T16:19:55Z,metric_changed,jacksonvillesheriff,totalOwnedCameras,2647,2703,
2026-10-08T16:19:55Z,metric_changed,jacksonvillesheriff,totalSharedCameras,6974,6966,
2026-10-08T16:19:55Z,metric_changed,jacksonvillesheriff,subscribedCameras,1654,1688,
2026-10-08T16:19:55Z,metric_changed,kennesawpd,totalIntegratedCameras,9230,9240,
2026-10-08T16:19:55Z,metric_changed,kentcountysd,totalRegisteredCameras,580,586,
2026-10-08T16:19:55Z,metric_changed,kentcountysd,totalIntegratedCameras,2723,2737,
2026-10-08T16:19:55Z,metric_changed,kentcountysd,totalOwnedCameras,753,765,
2026-10-08T16:19:55Z,metric_changed,kentcountysd,totalSharedCameras,1942,1944,
2026-10-08T16:19:55Z,metric_changed,kentcountysd,subscribedCameras,503,515,
2026-10-08T16:19:55Z,metric_changed,killeenpd,totalIntegratedCameras,507,506,
2026-10-08T16:19:55Z,metric_changed,killeenpd,totalOwnedCameras,507,506,
2026-10-08T16:19:55Z,metric_changed,killeenpd,subscribedCameras,497,498,
2026-10-08T16:19:55Z,metric_changed,knoxvillepdtn,totalRegisteredCameras,581,583,
2026-10-08T16:19:55Z,metric_changed,kylepdtx,totalRegisteredCameras,153,154,
2026-10-08T16:19:55Z,metric_changed,lafayettepd,totalIntegratedCameras,2214,2220,
2026-10-08T16:19:55Z,metric_changed,lafayettepd,totalOwnedCameras,1580,1589,
2026-10-08T16:19:55Z,metric_changed,lafayettepd,subscribedCameras,1549,1558,
2026-10-08T16:19:55Z,metric_changed,lakecountysheriff,totalRegisteredCameras,2249,2266,
2026-10-08T16:19:55Z,metric_changed,lakecountysheriff,totalIntegratedCameras,6351,6360,
2026-10-08T16:19:55Z,metric_changed,lakecountysheriff,totalOwnedCameras,96,105,
2026-10-08T16:19:55Z,metric_changed,lapd,totalIntegratedCameras,273,271,
2026-10-08T16:19:55Z,metric_changed,lapd,totalOwnedCameras,273,271,
2026-10-08T16:19:55Z,metric_changed,lasd,totalRegisteredCameras,2181,2197,
2026-10-08T16:19:55Z,metric_changed,lenexapdks,totalIntegratedCameras,1169,1171,
2026-10-08T16:19:55Z,metric_changed,lexingtonky,totalRegisteredCameras,2107,2108,
2026-10-08T16:19:55Z,metric_changed,littlerockpd,totalRegisteredCameras,2863,2868,
2026-10-08T16:19:55Z,metric_changed,littlerockpd,totalIntegratedCameras,2564,2565,
2026-10-08T16:19:55Z,metric_changed,littlerockpd,totalOwnedCameras,1794,1797,
2026-10-08T16:19:55Z,metric_changed,littlerockpd,subscribedCameras,1901,1904,
2026-10-08T16:19:55Z,metric_changed,losgatospdca,totalIntegratedCameras,38,39,
2026-10-08T16:19:55Z,metric_changed,losgatospdca,totalOwnedCameras,38,39,
2026-10-08T16:19:55Z,metric_changed,losgatospdca,subscribedCameras,33,34,
2026-10-08T16:19:55Z,metric_changed,louisvillemetro,totalRegisteredCameras,1027,1042,
2026-10-08T16:19:55Z,metric_changed,lynchburgpd,totalRegisteredCameras,1388,1390,
2026-10-08T16:19:55Z,metric_changed,lynchburgpd,totalIntegratedCameras,740,749,
2026-10-08T16:19:55Z,metric_changed,lynchburgpd,totalOwnedCameras,740,749,
2026-10-08T16:19:55Z,metric_changed,lynchburgpd,subscribedCameras,732,731,
2026-10-08T16:19:55Z,metric_changed,martincountyso,totalIntegratedCameras,6032,6030,
2026-10-08T16:19:55Z,metric_changed,martincountyso,totalOwnedCameras,587,585,
2026-10-08T16:19:55Z,metric_changed,mcpdmd,totalIntegratedCameras,1999,2050,
2026-10-08T16:19:55Z,metric_changed,mcpdmd,totalOwnedCameras,1200,1251,
2026-10-08T16:19:55Z,metric_changed,mcpdmd,subscribedCameras,1150,1155,
2026-10-08T16:19:55Z,metric_changed,melroseparkpdil,totalRegisteredCameras,32,36,
2026-10-08T16:19:55Z,metric_changed,melroseparkpdil,totalIntegratedCameras,232,237,
2026-10-08T16:19:55Z,metric_changed,melroseparkpdil,totalSharedCameras,35,40,
2026-10-08T16:19:55Z,metric_changed,memphispd,totalRegisteredCameras,14215,14252,
2026-10-08T16:19:55Z,metric_changed,memphispd,totalIntegratedCameras,3095,3158,
2026-10-08T16:19:55Z,metric_changed,memphispd,totalOwnedCameras,2272,2326,
2026-10-08T16:19:55Z,metric_changed,memphispd,totalSharedCameras,665,674,
2026-10-08T16:19:55Z,metric_changed,memphispd,subscribedCameras,2128,2182,
2026-10-08T16:19:55Z,metric_changed,miamibeachpdfl,totalIntegratedCameras,527,528,
2026-10-08T16:19:55Z,metric_changed,miamibeachpdfl,totalOwnedCameras,527,528,
2026-10-08T16:19:55Z,metric_changed,miamidadepd,totalRegisteredCameras,1249,1254,
2026-10-08T16:19:55Z,metric_changed,monmouthcounty,totalIntegratedCameras,1810,1814,
2026-10-08T16:19:55Z,metric_changed,monmouthcounty,totalOwnedCameras,1058,1062,
2026-10-08T16:19:55Z,metric_changed,monmouthcounty,subscribedCameras,1020,1024,
2026-10-08T16:19:55Z,metric_changed,monroecoso,totalIntegratedCameras,868,892,
2026-10-08T16:19:55Z,metric_changed,monroecoso,totalOwnedCameras,868,892,
2026-10-08T16:19:55Z,metric_changed,monroecoso,subscribedCameras,801,825,
2026-10-08T16:19:55Z,metric_changed,montrosepdco,totalIntegratedCameras,169,171,
2026-10-08T16:19:55Z,metric_changed,montrosepdco,totalOwnedCameras,169,171,
2026-10-08T16:19:55Z,metric_changed,montrosepdco,subscribedCameras,169,171,
2026-10-08T16:19:55Z,metric_changed,mpls,totalIntegratedCameras,2733,2713,
2026-10-08T16:19:55Z,metric_changed,munsterpdin,totalRegisteredCameras,109,111,
2026-10-08T16:19:55Z,metric_changed,newcastlede,totalIntegratedCameras,161,162,
2026-10-08T16:19:55Z,metric_changed,newcastlede,totalOwnedCameras,153,154,
2026-10-08T16:19:55Z,metric_changed,newcastlede,subscribedCameras,84,85,
2026-10-08T16:19:55Z,metric_changed,newportbeachpdca,totalRegisteredCameras,405,420,
2026-10-08T16:19:55Z,metric_changed,newportbeachpdca,totalIntegratedCameras,235,241,
2026-10-08T16:19:55Z,metric_changed,newportbeachpdca,totalOwnedCameras,176,182,
2026-10-08T16:19:55Z,metric_changed,newportbeachpdca,subscribedCameras,135,140,
2026-10-08T16:19:55Z,metric_changed,newportnewspd,totalIntegratedCameras,2293,2335,
2026-10-08T16:19:55Z,metric_changed,newportnewspd,totalOwnedCameras,892,934,
2026-10-08T16:19:55Z,metric_changed,newportnewspd,subscribedCameras,884,930,
2026-10-08T16:19:55Z,metric_changed,newtonsheriff,totalIntegratedCameras,3527,3538,
2026-10-08T16:19:55Z,metric_changed,norfolkpd,totalIntegratedCameras,3656,3701,
2026-10-08T16:19:55Z,metric_changed,norfolkpd,totalOwnedCameras,2035,2080,
2026-10-08T16:19:55Z,metric_changed,norfolkpd,subscribedCameras,1933,1978,
2026-10-08T16:19:55Z,metric_changed,northcharlestonpd,totalIntegratedCameras,566,536,
2026-10-08T16:19:55Z,metric_changed,northlittlerock,totalIntegratedCameras,994,991,
2026-10-08T16:19:55Z,metric_changed,northlittlerock,totalOwnedCameras,730,728,
2026-10-08T16:19:55Z,metric_changed,northlittlerock,subscribedCameras,730,728,
2026-10-08T16:19:55Z,metric_changed,nypd,totalIntegratedCameras,2150,2185,
2026-10-08T16:19:55Z,metric_changed,nypd,totalOwnedCameras,2150,2185,
2026-10-08T16:19:55Z,metric_changed,nypd,subscribedCameras,2080,2108,
2026-10-08T16:19:55Z,metric_changed,oakbrookpd,totalIntegratedCameras,399,403,
2026-10-08T16:19:55Z,metric_changed,oakbrookpd,totalOwnedCameras,359,363,
2026-10-08T16:19:55Z,metric_changed,oakbrookpd,subscribedCameras,359,363,
2026-10-08T16:19:55Z,metric_changed,oaklawn,subscribedCameras,789,763,
2026-10-08T16:19:55Z,metric_changed,okaloosacounty,totalIntegratedCameras,516,527,
2026-10-08T16:19:55Z,metric_changed,okaloosacounty,totalOwnedCameras,186,197,
2026-10-08T16:19:55Z,metric_changed,okaloosacounty,subscribedCameras,156,167,
2026-10-08T16:19:55Z,metric_changed,okcpd,totalRegisteredCameras,1731,1733,
2026-10-08T16:19:55Z,metric_changed,okcpd,totalIntegratedCameras,7147,7145,
2026-10-08T16:19:55Z,metric_changed,okcpd,totalOwnedCameras,6532,6530,
2026-10-08T16:19:55Z,metric_changed,ontariopolice,totalIntegratedCameras,2095,2150,
2026-10-08T16:19:55Z,metric_changed,ontariopolice,totalOwnedCameras,1329,1322,
2026-10-08T16:19:55Z,metric_changed,ontariopolice,totalSharedCameras,766,828,
2026-10-08T16:19:55Z,metric_changed,ontariopolice,subscribedCameras,1264,1257,
2026-10-08T16:19:55Z,metric_changed,orangecofl,totalIntegratedCameras,10477,10289,
2026-10-08T16:19:55Z,metric_changed,orangecofl,totalOwnedCameras,857,861,
2026-10-08T16:19:55Z,metric_changed,orangecofl,totalSharedCameras,7670,7481,
2026-10-08T16:19:55Z,metric_changed,orlando,totalIntegratedCameras,4099,4096,
2026-10-08T16:19:55Z,metric_changed,orlando,totalOwnedCameras,1053,1050,
2026-10-08T16:19:55Z,metric_changed,orlando,subscribedCameras,1003,1000,
2026-10-08T16:19:55Z,metric_changed,overlandparkpdks,totalIntegratedCameras,1087,1089,
2026-10-08T16:19:55Z,metric_changed,overlandparkpdks,totalOwnedCameras,553,555,
2026-10-08T16:19:55Z,metric_changed,overlandparkpdks,totalMaxCameras,0,1500,
2026-10-08T16:19:55Z,metric_changed,overlandparkpdks,subscribedCameras,540,542,
2026-10-08T16:19:55Z,metric_changed,pascopdwa,totalRegisteredCameras,69,88,
2026-10-08T16:19:55Z,metric_changed,pbso,totalRegisteredCameras,1885,1897,
2026-10-08T16:19:55Z,metric_changed,pbso,totalIntegratedCameras,1502,1506,
2026-10-08T16:19:55Z,metric_changed,pbso,totalOwnedCameras,1016,1020,
2026-10-08T16:19:55Z,metric_changed,peoriapd,totalIntegratedCameras,899,898,
2026-10-08T16:19:55Z,metric_changed,peoriapd,totalOwnedCameras,544,543,
2026-10-08T16:19:55Z,metric_changed,peoriapd,subscribedCameras,537,536,
2026-10-08T16:19:55Z,metric_changed,peoriapdaz,totalIntegratedCameras,599,592,
2026-10-08T16:19:55Z,metric_changed,peoriapdaz,totalOwnedCameras,403,396,
2026-10-08T16:19:55Z,metric_changed,peoriapdaz,subscribedCameras,394,390,
2026-10-08T16:19:55Z,metric_changed,pgcountypd,totalRegisteredCameras,466,488,
2026-10-08T16:19:55Z,metric_changed,pgcountypd,totalIntegratedCameras,2735,2777,
2026-10-08T16:19:55Z,metric_changed,pgcountypd,totalOwnedCameras,1782,1781,
2026-10-08T16:19:55Z,metric_changed,pgcountypd,subscribedCameras,1483,1482,
2026-10-08T16:19:55Z,metric_changed,planotx,totalRegisteredCameras,23,26,
2026-10-08T16:19:55Z,metric_changed,pomonapd,totalIntegratedCameras,187,194,
2026-10-08T16:19:55Z,metric_changed,pomonapd,totalSharedCameras,8,15,
2026-10-08T16:19:55Z,metric_changed,powderspringspd,totalIntegratedCameras,2955,2966,
2026-10-08T16:19:55Z,metric_changed,prairievillagepdks,totalRegisteredCameras,121,129,
2026-10-08T16:19:55Z,metric_changed,prairievillagepdks,totalIntegratedCameras,1488,1490,
2026-10-08T16:19:55Z,metric_changed,raleighncpd,totalRegisteredCameras,1868,1904,
2026-10-08T16:19:55Z,metric_changed,raleighncpd,totalIntegratedCameras,1619,1624,
2026-10-08T16:19:55Z,metric_changed,raleighncpd,totalOwnedCameras,1131,1129,
2026-10-08T16:19:55Z,metric_changed,raleighncpd,totalSharedCameras,57,64,
2026-10-08T16:19:55Z,metric_changed,raleighncpd,subscribedCameras,1128,1126,
2026-10-08T16:19:55Z,metric_changed,renopd,totalRegisteredCameras,708,710,
2026-10-08T16:19:55Z,metric_changed,renopd,totalIntegratedCameras,945,946,
2026-10-08T16:19:55Z,metric_changed,renopd,totalOwnedCameras,541,542,
2026-10-08T16:19:55Z,metric_changed,renopd,subscribedCameras,513,514,
2026-10-08T16:19:55Z,metric_changed,rialtopd,totalRegisteredCameras,349,352,
2026-10-08T16:19:55Z,metric_changed,richlandpdwa,totalIntegratedCameras,190,148,
2026-10-08T16:19:55Z,metric_changed,richlandpdwa,totalOwnedCameras,190,148,
2026-10-08T16:19:55Z,metric_changed,richlandpdwa,subscribedCameras,159,117,
2026-10-08T16:19:55Z,metric_changed,richmondva,totalIntegratedCameras,558,563,
2026-10-08T16:19:55Z,metric_changed,richmondva,totalOwnedCameras,484,489,
2026-10-08T16:19:55Z,metric_changed,richmondva,subscribedCameras,405,410,
2026-10-08T16:19:55Z,metric_changed,rileycountypd,totalMaxCameras,0,150,
2026-10-08T16:19:55Z,metric_changed,rockymountpd,totalIntegratedCameras,726,724,
2026-10-08T16:19:55Z,metric_changed,rockymountpd,totalOwnedCameras,674,672,
2026-10-08T16:19:55Z,metric_changed,rockymountpd,subscribedCameras,616,614,
2026-10-08T16:19:55Z,metric_changed,rogerspdar,totalIntegratedCameras,263,265,
2026-10-08T16:19:55Z,metric_changed,rogerspdar,totalOwnedCameras,263,265,
2026-10-08T16:19:55Z,metric_changed,sacramentopd,totalRegisteredCameras,901,912,
2026-10-08T16:19:55Z,metric_changed,sacramentopd,totalIntegratedCameras,1774,1779,
2026-10-08T16:19:55Z,metric_changed,sacramentopd,totalSharedCameras,418,423,
2026-10-08T16:19:55Z,metric_changed,sanbernardinopdca,totalIntegratedCameras,674,680,
2026-10-08T16:19:55Z,metric_changed,sanbernardinopdca,totalOwnedCameras,552,558,
2026-10-08T16:19:55Z,metric_changed,sandyspringspd,totalIntegratedCameras,15225,15236,
2026-10-08T16:19:55Z,metric_changed,sandyspringspd,totalOwnedCameras,300,301,
2026-10-08T16:19:55Z,metric_changed,sandyspringspd,subscribedCameras,297,298,
2026-10-08T16:19:55Z,metric_changed,sanjose,totalRegisteredCameras,10810,10816,
2026-10-08T16:19:55Z,metric_changed,savannahpd,totalRegisteredCameras,1168,1173,
2026-10-08T16:19:55Z,metric_changed,savannahpd,totalIntegratedCameras,9259,9269,
2026-10-08T16:19:55Z,metric_changed,scrantonpd,totalRegisteredCameras,495,710,
2026-10-08T16:19:55Z,metric_changed,seatpleasantmd,totalIntegratedCameras,1040,1128,
2026-10-08T16:19:55Z,metric_changed,seatpleasantmd,totalOwnedCameras,105,193,
2026-10-08T16:19:55Z,metric_changed,seatpleasantmd,subscribedCameras,102,190,
2026-10-08T16:19:55Z,metric_changed,seattlepd,totalRegisteredCameras,883,888,
2026-10-08T16:19:55Z,metric_changed,seattlepd,totalIntegratedCameras,697,687,
2026-10-08T16:19:55Z,metric_changed,seattlepd,totalOwnedCameras,674,664,
2026-10-08T16:19:55Z,metric_changed,seattlepd,subscribedCameras,673,663,
2026-10-08T16:19:55Z,metric_changed,seminolecountyso,totalIntegratedCameras,2064,2046,
2026-10-08T16:19:55Z,metric_changed,seminolecountyso,totalSharedCameras,1099,1081,
2026-10-08T16:19:55Z,metric_changed,shawneecosheriff,totalIntegratedCameras,2242,2249,
2026-10-08T16:19:55Z,metric_changed,shawneecosheriff,totalOwnedCameras,642,648,
2026-10-08T16:19:55Z,metric_changed,shawneecosheriff,totalSharedCameras,1600,1601,
2026-10-08T16:19:55Z,metric_changed,shawneecosheriff,subscribedCameras,542,548,
2026-10-08T16:19:55Z,metric_changed,shelbycoso,totalRegisteredCameras,1307,1309,
2026-10-08T16:19:55Z,metric_changed,shelbycoso,totalIntegratedCameras,2324,2379,
2026-10-08T16:19:55Z,metric_changed,smyrnaga,totalIntegratedCameras,13065,13075,
2026-10-08T16:19:55Z,metric_changed,southbendpd,totalRegisteredCameras,2529,2536,
2026-10-08T16:19:55Z,metric_changed,southfultonga,totalIntegratedCameras,14805,14815,
2026-10-08T16:19:55Z,metric_changed,spokanecsowa,totalRegisteredCameras,56,0,
2026-10-08T16:19:55Z,metric_changed,springfieldpdmo,totalRegisteredCameras,15,18,
2026-10-08T16:19:55Z,metric_changed,statesboropd,totalIntegratedCameras,14449,14459,
2026-10-08T16:19:55Z,metric_changed,stbernardso,totalIntegratedCameras,1796,85,
2026-10-08T16:19:55Z,metric_changed,stbernardso,totalSharedCameras,1712,1,
2026-10-08T16:19:55Z,metric_changed,stcloud,totalIntegratedCameras,9228,9039,
2026-10-08T16:19:55Z,metric_changed,stcloud,totalSharedCameras,5972,5783,
2026-10-08T16:19:55Z,metric_changed,stjohnscountyso,totalIntegratedCameras,1303,1336,
2026-10-08T16:19:55Z,metric_changed,stjohnscountyso,totalOwnedCameras,1117,1150,
2026-10-08T16:19:55Z,metric_changed,stjohnscountyso,subscribedCameras,1071,1104,
2026-10-08T16:19:55Z,metric_changed,tempepd,totalRegisteredCameras,172,177,
2026-10-08T16:19:55Z,metric_changed,tempepd,totalIntegratedCameras,1506,1522,
2026-10-08T16:19:55Z,metric_changed,tempepd,totalOwnedCameras,907,924,
2026-10-08T16:19:55Z,metric_changed,tempepd,subscribedCameras,907,905,
2026-10-08T16:19:55Z,metric_changed,torrancepd,totalRegisteredCameras,133,140,
2026-10-08T16:19:55Z,metric_changed,turlockpd,totalIntegratedCameras,173,110,
2026-10-08T16:19:55Z,metric_changed,turlockpd,totalOwnedCameras,162,99,
2026-10-08T16:19:55Z,metric_changed,turlockpd,subscribedCameras,162,99,
2026-10-08T16:19:55Z,metric_changed,tuscaloosapd,totalIntegratedCameras,1095,1096,
2026-10-08T16:19:55Z,metric_changed,universityofmissouripdmo,totalRegisteredCameras,145,166,
2026-10-08T16:19:55Z,metric_changed,volusiasheriff,totalIntegratedCameras,3953,3959,
2026-10-08T16:19:55Z,metric_changed,volusiasheriff,totalOwnedCameras,577,583,
2026-10-08T16:19:55Z,metric_changed,volusiasheriff,subscribedCameras,900,902,
2026-10-08T16:19:55Z,metric_changed,wakecounty,totalIntegratedCameras,970,978,
2026-10-08T16:19:55Z,metric_changed,wakecounty,totalOwnedCameras,287,295,
2026-10-08T16:19:55Z,metric_changed,wakecounty,totalSharedCameras,58,60,
2026-10-08T16:19:55Z,metric_changed,wakecounty,subscribedCameras,255,263,
2026-10-08T16:19:55Z,metric_changed,warnerrobinspd,totalIntegratedCameras,9231,9241,
2026-10-08T16:19:55Z,metric_changed,wichitapdks,totalIntegratedCameras,370,361,
2026-10-08T16:19:55Z,metric_changed,wichitapdks,totalOwnedCameras,349,340,
2026-10-08T16:19:55Z,metric_changed,wichitapdks,subscribedCameras,316,307,
2026-10-08T16:19:55Z,collection_issue,riverdalepd,status,,error,HTTP 404
2026-10-08T16:19:55Z,collection_issue,troypdil,status,,error,HTTP 404
