event,org,field,previous,current,note
listing_added,alexandriapd,alexandria,,"[{""id"": ""alexandria"", ""image"": ""https://cdn.swell.store/fusus-atlanta/6659d3aef69888001258468e/d4ade78d49b92b66e15e58d4b2396938/background.jpg"", ""location"": {""city"": ""Alexandria"", ""coords"": {""lat"": 38.80719, ""lng"": -77.09174}, ""state"": ""VA""}, ""org"": ""alexandriapd"", ""registry"": ""https://alexandriapd.fususregistry.com/camera-registry"", ""title"": ""Connect Alexandria"", ""url"": ""https://connectalexandria.org""}]",Directory membership change; not proof of newly installed cameras.
listing_added,bristolctpd,bristol,,"[{""id"": ""bristol"", ""image"": ""https://cdn.swell.store/fusus-atlanta/6a873881b2f80b00133f192c/6933d949d172e30c9a0a663d42989084?width=1800&height=700"", ""location"": {""city"": ""Bristol"", ""coords"": {""lat"": 41.67428, ""lng"": -72.94684}, ""state"": ""CT""}, ""org"": ""bristolctpd"", ""registry"": ""https://bristolctpd.fususregistry.com/camera-registry"", ""title"": ""Connect Bristol"", ""url"": ""https://connectbristolpd.org""}]",Directory membership change; not proof of newly installed cameras.
listing_added,brunswickpdga,brunswick,,"[{""id"": ""brunswick"", ""image"": ""https://cdn.swell.store/fusus-atlanta/6a71e1b70880800012dfe54a/26c27a9ab84489a683a6a7679f6c4b67"", ""location"": {""city"": ""Brunswick"", ""coords"": {""lat"": 31.14607, ""lng"": -81.49506}, ""state"": ""GA""}, ""org"": ""brunswickpdga"", ""registry"": ""https://brunswickpdga.fususregistry.com/camera-registry"", ""title"": ""Connect Brunswick"", ""url"": ""https://connectbrunswick.org""}]",Directory membership change; not proof of newly installed cameras.
listing_added,dubuquepdia,dubuque,,"[{""id"": ""dubuque"", ""image"": ""https://cdn.swell.store/fusus-atlanta/69bd5c8f7fe8bc0012fb9ab1/5ee71e260ffd0ea71babd9b8a30a2a66"", ""location"": {""city"": ""Dubuque"", ""coords"": {""lat"": 42.5017, ""lng"": -90.66549}, ""state"": ""IA""}, ""org"": ""dubuquepdia"", ""registry"": ""https://dubuquepdia.fususregistry.com/camera-registry"", ""title"": ""Connect Dubuque"", ""url"": ""https://connectdubuque.org""}]",Directory membership change; not proof of newly installed cameras.
listing_added,duckpdnc,duck-nc,,"[{""id"": ""duck-nc"", ""image"": ""https://cdn.swell.store/fusus-atlanta/6a997473661dad00117b3352/77e962323a7ebd090f66a044e7d18008?width=1800&height=600"", ""location"": {""city"": ""Duck"", ""coords"": {""lat"": 36.16558, ""lng"": -75.75402}, ""state"": ""NC""}, ""org"": ""duckpdnc"", ""registry"": ""https://duckpdnc.fususregistry.com/camera-registry"", ""title"": ""Connect Duck"", ""url"": ""https://connectduckpdnc.org""}]",Directory membership change; not proof of newly installed cameras.
listing_added,fortdodgepdia,fort-dodge,,"[{""id"": ""fort-dodge"", ""image"": ""https://cdn.swell.store/fusus-atlanta/6a846f3820b4cd00127abfeb/b88fbf37301d61dcc0f8e6e37e7505e7?width=1600&height=500"", ""location"": {""city"": ""Fort Dodge"", ""coords"": {""lat"": 42.50444, ""lng"": -94.18813}, ""state"": ""IA""}, ""org"": ""fortdodgepdia"", ""registry"": ""https://fortdodgepdia.fususregistry.com/camera-registry"", ""title"": ""Fort Dodge CARES"", ""url"": ""https://fortdodgecares.org""}]",Directory membership change; not proof of newly installed cameras.
listing_added,fountainvalleypdca,fount-valley,,"[{""id"": ""fount-valley"", ""image"": ""https://cdn.swell.store/fusus-atlanta/6a43d413f8a885001223f6d0/7b6aeea26329d23e43aee4701c35c168"", ""location"": {""city"": ""Fountain Valley"", ""coords"": {""lat"": 33.70887, ""lng"": -117.95215}, ""state"": ""CA""}, ""org"": ""fountainvalleypdca"", ""registry"": ""https://fountainvalleypdca.fususregistry.com/camera-registry"", ""title"": ""SafeFV"", ""url"": ""https://safefv.org""}]",Directory membership change; not proof of newly installed cameras.
listing_added,gardengrovepdca,garden-grove,,"[{""id"": ""garden-grove"", ""image"": ""https://cdn.swell.store/fusus-atlanta/6a189f5d50a5090012594cd2/bd5c6c98288c2273123cc57511fabcc2"", ""location"": {""city"": ""Garden Grove"", ""coords"": {""lat"": 33.77649, ""lng"": -117.93576}, ""state"": ""CA""}, ""org"": ""gardengrovepdca"", ""registry"": ""https://gardengrovepdca.fususregistry.com/camera-registry"", ""title"": ""Connect Garden Grove"", ""url"": ""https://connectgardengrove.org""}]",Directory membership change; not proof of newly installed cameras.
listing_added,meridianpdid,meridian-id,,"[{""id"": ""meridian-id"", ""image"": ""https://cdn.swell.store/fusus-atlanta/6a32cb6596384b00120719e0/112c528740094a76ba1f420badd7654f"", ""location"": {""city"": ""Meridian"", ""coords"": {""lat"": 43.60008, ""lng"": -116.37667}, ""state"": ""ID""}, ""org"": ""meridianpdid"", ""registry"": ""https://meridianpdid.fususregistry.com/camera-registry"", ""title"": ""Connect MPD"", ""url"": ""https://connectmpd.org""}]",Directory membership change; not proof of newly installed cameras.
listing_added,trussvillepd,trussville,,"[{""id"": ""trussville"", ""image"": ""https://cdn.swell.store/fusus-atlanta/69cd357463565200121a2163/f4e42a652a10de682f5630f04a1235f6"", ""location"": {""city"": ""Trussville"", ""coords"": {""lat"": 33.62084, ""lng"": -86.60337}, ""state"": ""AL""}, ""org"": ""trussvillepd"", ""registry"": ""https://trussvillepd.fususregistry.com/camera-registry"", ""title"": ""Connect Trussville"", ""url"": ""https://trussvilleconnect.org""}]",Directory membership change; not proof of newly installed cameras.
listing_added,None,uni-alaska,,"[{""id"": ""uni-alaska"", ""image"": ""https://cdn.swell.store/fusus-atlanta/6a43bf98265b5f00121e7954/a0e03033d3bd054b22ec0b99d385e80b?width=1800&height=700"", ""location"": {""city"": ""University of Alaska Fairbanks"", ""coords"": {""lat"": 64.85846, ""lng"": -147.82212}, ""state"": ""AK""}, ""org"": null, ""registry"": null, ""title"": ""Connect University of Alaska Fairbanks"", ""url"": ""https://connectuaf.org""}]",Directory membership change; not proof of newly installed cameras.
metric_changed,aacounty,totalRegisteredCameras,1028,1060,
metric_changed,aacounty,totalIntegratedCameras,3177,3185,
metric_changed,aacounty,totalOwnedCameras,2372,2380,
metric_changed,aacounty,subscribedCameras,2336,2345,
metric_changed,accpd,totalIntegratedCameras,4325,4336,
metric_changed,acworthga,totalIntegratedCameras,10557,10567,
metric_changed,alachuasheriff,totalRegisteredCameras,0,135,
metric_changed,alachuasheriff,totalIntegratedCameras,216,221,
metric_changed,alachuasheriff,totalSharedCameras,0,5,
metric_changed,albanypolice,totalRegisteredCameras,731,733,
metric_changed,albanypolice,totalIntegratedCameras,13936,14051,
metric_changed,albanypolice,totalSharedCameras,3414,3519,
metric_changed,alsipil,totalRegisteredCameras,738,740,
metric_changed,anaheim,totalIntegratedCameras,733,704,
metric_changed,anaheim,totalOwnedCameras,686,657,
metric_changed,anaheim,subscribedCameras,655,626,
metric_changed,anokacountysomn,totalIntegratedCameras,2674,2681,
metric_changed,anokacountysomn,totalOwnedCameras,635,633,
metric_changed,anokacountysomn,subscribedCameras,634,632,
metric_changed,auroragov,totalIntegratedCameras,935,936,
metric_changed,auroragov,totalOwnedCameras,935,936,
metric_changed,auroragov,subscribedCameras,935,936,
metric_changed,baltimorecountypd,totalIntegratedCameras,616,626,
metric_changed,baltimorecountypd,totalSharedCameras,60,70,
metric_changed,bartowfl,totalRegisteredCameras,0,1,
metric_changed,baycounty,totalRegisteredCameras,1713,1722,
metric_changed,baycounty,totalIntegratedCameras,1515,1517,
metric_changed,baycounty,totalOwnedCameras,1161,1163,
metric_changed,baycounty,subscribedCameras,1128,1130,
metric_changed,beaumonttx,totalRegisteredCameras,4049,4053,
metric_changed,beaumonttx,totalIntegratedCameras,3795,3800,
metric_changed,beaumonttx,totalOwnedCameras,1531,1536,
metric_changed,beaumonttx,subscribedCameras,757,762,
metric_changed,bendpd,totalRegisteredCameras,775,785,
metric_changed,birminghampd,totalRegisteredCameras,793,805,
metric_changed,bradentonfl,totalIntegratedCameras,3160,3158,
metric_changed,bradentonfl,totalOwnedCameras,269,267,
metric_changed,brooklynparkpdmn,totalRegisteredCameras,503,515,
metric_changed,brooklynparkpdmn,totalIntegratedCameras,2114,2117,
metric_changed,brooklynparkpdmn,totalOwnedCameras,229,232,
metric_changed,brooklynparkpdmn,subscribedCameras,205,208,
metric_changed,buncombesheriff,totalIntegratedCameras,2689,2693,
metric_changed,buncombesheriff,totalOwnedCameras,437,441,
metric_changed,carencropd,totalIntegratedCameras,1610,1606,
metric_changed,carencropd,totalOwnedCameras,215,211,
metric_changed,carencropd,subscribedCameras,215,211,
metric_changed,carlsbadpdnm,totalMaxCameras,0,225,
metric_changed,carypd,totalIntegratedCameras,1265,1273,
metric_changed,carypd,totalOwnedCameras,841,851,
metric_changed,carypd,subscribedCameras,840,850,
metric_changed,charlestonpd,totalIntegratedCameras,577,576,
metric_changed,charlestonpd,totalOwnedCameras,501,500,
metric_changed,charlestonpd,subscribedCameras,466,465,
metric_changed,charlottemecklenburg,totalRegisteredCameras,3128,3166,
metric_changed,charlottemecklenburg,totalIntegratedCameras,1789,1823,
metric_changed,charlottemecklenburg,totalOwnedCameras,1584,1618,
metric_changed,charlottemecklenburg,subscribedCameras,1438,1472,
metric_changed,cherokeega,totalRegisteredCameras,633,635,
metric_changed,cherokeega,totalIntegratedCameras,13422,13429,
metric_changed,chesterfieldcounty,totalIntegratedCameras,11184,11095,
metric_changed,chesterfieldcounty,totalOwnedCameras,1017,990,
metric_changed,chesterfieldcounty,totalSharedCameras,10105,10043,
metric_changed,chesterfieldcounty,subscribedCameras,958,931,
metric_changed,chicopee,totalRegisteredCameras,128,135,
metric_changed,chicopee,totalIntegratedCameras,512,522,
metric_changed,chicopee,totalOwnedCameras,512,522,
metric_changed,chicopee,subscribedCameras,509,519,
metric_changed,ciceropd,totalIntegratedCameras,549,551,
metric_changed,ciceropd,totalOwnedCameras,549,551,
metric_changed,ciceropd,subscribedCameras,541,543,
metric_changed,cincinnatipd,totalRegisteredCameras,1721,1723,
metric_changed,cincinnatipd,totalIntegratedCameras,846,844,
metric_changed,cincinnatipd,totalOwnedCameras,803,801,
metric_changed,cityofatlanta,totalIntegratedCameras,28381,28396,
metric_changed,cityofatlanta,totalOwnedCameras,2584,2597,
metric_changed,cityofatlanta,totalSharedCameras,11642,11643,
metric_changed,cityofatlanta,subscribedCameras,2550,2561,
metric_changed,cityofmiamipd,totalIntegratedCameras,4361,4355,
metric_changed,cityofmiamipd,totalOwnedCameras,1227,1221,
metric_changed,cityofmiamipd,subscribedCameras,1207,1203,
metric_changed,cityofomaha,totalIntegratedCameras,1626,1643,
metric_changed,cityofomaha,totalOwnedCameras,761,760,
metric_changed,cityofomaha,totalSharedCameras,764,782,
metric_changed,cityofomaha,subscribedCameras,686,687,
metric_changed,cityofroswell,totalIntegratedCameras,10643,10650,
metric_changed,cityofroswell,totalOwnedCameras,512,509,
metric_changed,cityofroswell,subscribedCameras,511,508,
metric_changed,cityofshreveport,totalIntegratedCameras,2838,2862,
metric_changed,cityofshreveport,totalOwnedCameras,2329,2348,
metric_changed,cityofshreveport,totalSharedCameras,509,514,
metric_changed,cityofshreveport,subscribedCameras,2341,2360,
metric_changed,cityofstarkville,totalIntegratedCameras,863,875,
metric_changed,cityofstarkville,totalOwnedCameras,586,598,
metric_changed,cityofstarkville,subscribedCameras,575,587,
metric_changed,cityofws,totalIntegratedCameras,3292,3345,
metric_changed,cityofws,totalOwnedCameras,1756,1809,
metric_changed,cityofws,subscribedCameras,1740,1791,
metric_changed,claycountysheriff,totalIntegratedCameras,3391,3398,
metric_changed,claycountysheriff,totalOwnedCameras,3223,3230,
metric_changed,claycountysheriff,subscribedCameras,3218,3225,
metric_changed,claytoncountypd,totalIntegratedCameras,10775,10785,
metric_changed,cobbcountypd,totalRegisteredCameras,3547,3559,
metric_changed,cobbcountypd,totalIntegratedCameras,12906,13037,
metric_changed,cobbcountypd,totalOwnedCameras,1396,1516,
metric_changed,collegeparkga,totalIntegratedCameras,10506,10516,
metric_changed,coloradospringspd,totalIntegratedCameras,1100,1099,
metric_changed,coloradospringspd,totalOwnedCameras,961,960,
metric_changed,coloradospringspd,subscribedCameras,860,859,
metric_changed,covinapdca,totalRegisteredCameras,27,37,
metric_changed,crestwoodpdil,totalIntegratedCameras,90,118,
metric_changed,crestwoodpdil,totalSharedCameras,86,114,
metric_changed,cummingpdga,totalIntegratedCameras,3105,3116,
metric_changed,dallaspd,totalRegisteredCameras,4054,4067,
metric_changed,dallaspd,totalIntegratedCameras,1495,1530,
metric_changed,dallaspd,totalOwnedCameras,1136,1171,
metric_changed,dallaspd,subscribedCameras,1040,1077,
metric_changed,dalycitypdca,totalIntegratedCameras,87,94,
metric_changed,dalycitypdca,totalOwnedCameras,46,53,
metric_changed,dalycitypdca,subscribedCameras,15,22,
metric_changed,dcmetro,totalRegisteredCameras,44179,44206,
metric_changed,dearbornpdmi,totalRegisteredCameras,689,710,
metric_changed,dearbornpdmi,totalIntegratedCameras,685,695,
metric_changed,dearbornpdmi,totalOwnedCameras,524,534,
metric_changed,dearbornpdmi,subscribedCameras,510,520,
metric_changed,dekalbcountyga,totalIntegratedCameras,9123,9120,
metric_changed,dekalbcountyga,totalOwnedCameras,901,899,
metric_changed,dekalbcountyga,subscribedCameras,751,752,
metric_changed,delraybeach,totalIntegratedCameras,523,524,
metric_changed,delraybeach,totalOwnedCameras,297,298,
metric_changed,dentonpdtx,totalIntegratedCameras,190,192,
metric_changed,dentonpdtx,totalOwnedCameras,190,192,
metric_changed,dothanpd,totalIntegratedCameras,180,239,
metric_changed,dothanpd,totalOwnedCameras,180,239,
metric_changed,dothanpd,subscribedCameras,174,233,
metric_changed,douglascountysonv,totalMaxCameras,100,150,
metric_changed,douglasvillepolice,totalIntegratedCameras,12890,12900,
metric_changed,eastpointpdga,totalIntegratedCameras,5113,5121,
metric_changed,eastpointpdga,totalOwnedCameras,382,380,
metric_changed,escambiafl,totalRegisteredCameras,1573,1591,
metric_changed,escambiafl,totalIntegratedCameras,1273,1272,
metric_changed,escambiafl,totalOwnedCameras,919,918,
metric_changed,escambiafl,subscribedCameras,369,368,
metric_changed,fairfaxcopd,totalRegisteredCameras,3565,3587,
metric_changed,fairfaxcopd,totalIntegratedCameras,2188,2223,
metric_changed,fairfaxcopd,totalOwnedCameras,724,759,
metric_changed,fairfaxcopd,subscribedCameras,623,660,
metric_changed,farmingtonpd,totalRegisteredCameras,55,58,
metric_changed,fayettevillepd,totalIntegratedCameras,543,547,
metric_changed,fayettevillepd,totalOwnedCameras,452,456,
metric_changed,fayettevillepd,subscribedCameras,449,453,
metric_changed,forestparkpd,totalIntegratedCameras,10505,10518,
metric_changed,forestparkpd,totalOwnedCameras,240,242,
metric_changed,forestparkpd,subscribedCameras,222,224,
metric_changed,forsyth,totalRegisteredCameras,1442,1443,
metric_changed,forsythcosoga,totalRegisteredCameras,776,808,
metric_changed,forsythcosoga,totalIntegratedCameras,6924,6935,
metric_changed,garypd,totalRegisteredCameras,1672,1674,
metric_changed,garypd,totalIntegratedCameras,1325,1320,
metric_changed,garypd,totalOwnedCameras,799,793,
metric_changed,garypd,subscribedCameras,754,734,
metric_changed,glendorapdca,totalIntegratedCameras,101,99,
metric_changed,glendorapdca,totalOwnedCameras,101,99,
metric_changed,glendorapdca,subscribedCameras,101,99,
metric_changed,greensboropd,totalIntegratedCameras,1208,1232,
metric_changed,greensboropd,totalOwnedCameras,741,765,
metric_changed,greensboropd,subscribedCameras,701,725,
metric_changed,guilfordsheriff,totalRegisteredCameras,872,874,
metric_changed,guilfordsheriff,totalIntegratedCameras,226,229,
metric_changed,guilfordsheriff,totalOwnedCameras,181,184,
metric_changed,guilfordsheriff,subscribedCameras,180,183,
metric_changed,hammondpd,totalIntegratedCameras,1325,1326,
metric_changed,hammondpd,totalOwnedCameras,1193,1194,
metric_changed,hammondpd,subscribedCameras,823,824,
metric_changed,harrisoncso,totalRegisteredCameras,559,563,
metric_changed,harrisoncso,totalIntegratedCameras,505,518,
metric_changed,harrisoncso,totalOwnedCameras,77,90,
metric_changed,harrisoncso,subscribedCameras,72,82,
metric_changed,hcso,totalRegisteredCameras,293,300,
metric_changed,hcso,totalIntegratedCameras,4851,4853,
metric_changed,hcso,totalOwnedCameras,1653,1655,
metric_changed,hennepincountyso,totalRegisteredCameras,457,470,
metric_changed,hennepincountyso,totalIntegratedCameras,3008,3023,
metric_changed,henrycountypd,totalRegisteredCameras,4982,4983,
metric_changed,henrycountypd,totalIntegratedCameras,13832,13842,
metric_changed,highpointncpd,totalRegisteredCameras,1248,1263,
metric_changed,highpointncpd,totalIntegratedCameras,573,579,
metric_changed,highpointncpd,totalOwnedCameras,474,480,
metric_changed,hopemillspd,totalIntegratedCameras,345,349,
metric_changed,indianriversheriff,totalRegisteredCameras,220,224,
metric_changed,jacksonpdtn,totalRegisteredCameras,0,5,
metric_changed,jacksonvillesheriff,totalRegisteredCameras,6809,6828,
metric_changed,jacksonvillesheriff,totalIntegratedCameras,9767,9815,
metric_changed,jacksonvillesheriff,totalOwnedCameras,2647,2703,
metric_changed,jacksonvillesheriff,totalSharedCameras,6974,6966,
metric_changed,jacksonvillesheriff,subscribedCameras,1654,1688,
metric_changed,kennesawpd,totalIntegratedCameras,9230,9240,
metric_changed,kentcountysd,totalRegisteredCameras,580,586,
metric_changed,kentcountysd,totalIntegratedCameras,2723,2737,
metric_changed,kentcountysd,totalOwnedCameras,753,765,
metric_changed,kentcountysd,totalSharedCameras,1942,1944,
metric_changed,kentcountysd,subscribedCameras,503,515,
metric_changed,killeenpd,totalIntegratedCameras,507,506,
metric_changed,killeenpd,totalOwnedCameras,507,506,
metric_changed,killeenpd,subscribedCameras,497,498,
metric_changed,knoxvillepdtn,totalRegisteredCameras,581,583,
metric_changed,kylepdtx,totalRegisteredCameras,153,154,
metric_changed,lafayettepd,totalIntegratedCameras,2214,2220,
metric_changed,lafayettepd,totalOwnedCameras,1580,1589,
metric_changed,lafayettepd,subscribedCameras,1549,1558,
metric_changed,lakecountysheriff,totalRegisteredCameras,2249,2266,
metric_changed,lakecountysheriff,totalIntegratedCameras,6351,6360,
metric_changed,lakecountysheriff,totalOwnedCameras,96,105,
metric_changed,lapd,totalIntegratedCameras,273,271,
metric_changed,lapd,totalOwnedCameras,273,271,
metric_changed,lasd,totalRegisteredCameras,2181,2197,
metric_changed,lenexapdks,totalIntegratedCameras,1169,1171,
metric_changed,lexingtonky,totalRegisteredCameras,2107,2108,
metric_changed,littlerockpd,totalRegisteredCameras,2863,2868,
metric_changed,littlerockpd,totalIntegratedCameras,2564,2565,
metric_changed,littlerockpd,totalOwnedCameras,1794,1797,
metric_changed,littlerockpd,subscribedCameras,1901,1904,
metric_changed,losgatospdca,totalIntegratedCameras,38,39,
metric_changed,losgatospdca,totalOwnedCameras,38,39,
metric_changed,losgatospdca,subscribedCameras,33,34,
metric_changed,louisvillemetro,totalRegisteredCameras,1027,1042,
metric_changed,lynchburgpd,totalRegisteredCameras,1388,1390,
metric_changed,lynchburgpd,totalIntegratedCameras,740,749,
metric_changed,lynchburgpd,totalOwnedCameras,740,749,
metric_changed,lynchburgpd,subscribedCameras,732,731,
metric_changed,martincountyso,totalIntegratedCameras,6032,6030,
metric_changed,martincountyso,totalOwnedCameras,587,585,
metric_changed,mcpdmd,totalIntegratedCameras,1999,2050,
metric_changed,mcpdmd,totalOwnedCameras,1200,1251,
metric_changed,mcpdmd,subscribedCameras,1150,1155,
metric_changed,melroseparkpdil,totalRegisteredCameras,32,36,
metric_changed,melroseparkpdil,totalIntegratedCameras,232,237,
metric_changed,melroseparkpdil,totalSharedCameras,35,40,
metric_changed,memphispd,totalRegisteredCameras,14215,14252,
metric_changed,memphispd,totalIntegratedCameras,3095,3158,
metric_changed,memphispd,totalOwnedCameras,2272,2326,
metric_changed,memphispd,totalSharedCameras,665,674,
metric_changed,memphispd,subscribedCameras,2128,2182,
metric_changed,miamibeachpdfl,totalIntegratedCameras,527,528,
metric_changed,miamibeachpdfl,totalOwnedCameras,527,528,
metric_changed,miamidadepd,totalRegisteredCameras,1249,1254,
metric_changed,monmouthcounty,totalIntegratedCameras,1810,1814,
metric_changed,monmouthcounty,totalOwnedCameras,1058,1062,
metric_changed,monmouthcounty,subscribedCameras,1020,1024,
metric_changed,monroecoso,totalIntegratedCameras,868,892,
metric_changed,monroecoso,totalOwnedCameras,868,892,
metric_changed,monroecoso,subscribedCameras,801,825,
metric_changed,montrosepdco,totalIntegratedCameras,169,171,
metric_changed,montrosepdco,totalOwnedCameras,169,171,
metric_changed,montrosepdco,subscribedCameras,169,171,
metric_changed,mpls,totalIntegratedCameras,2733,2713,
metric_changed,munsterpdin,totalRegisteredCameras,109,111,
metric_changed,newcastlede,totalIntegratedCameras,161,162,
metric_changed,newcastlede,totalOwnedCameras,153,154,
metric_changed,newcastlede,subscribedCameras,84,85,
metric_changed,newportbeachpdca,totalRegisteredCameras,405,420,
metric_changed,newportbeachpdca,totalIntegratedCameras,235,241,
metric_changed,newportbeachpdca,totalOwnedCameras,176,182,
metric_changed,newportbeachpdca,subscribedCameras,135,140,
metric_changed,newportnewspd,totalIntegratedCameras,2293,2335,
metric_changed,newportnewspd,totalOwnedCameras,892,934,
metric_changed,newportnewspd,subscribedCameras,884,930,
metric_changed,newtonsheriff,totalIntegratedCameras,3527,3538,
metric_changed,norfolkpd,totalIntegratedCameras,3656,3701,
metric_changed,norfolkpd,totalOwnedCameras,2035,2080,
metric_changed,norfolkpd,subscribedCameras,1933,1978,
metric_changed,northcharlestonpd,totalIntegratedCameras,566,536,
metric_changed,northlittlerock,totalIntegratedCameras,994,991,
metric_changed,northlittlerock,totalOwnedCameras,730,728,
metric_changed,northlittlerock,subscribedCameras,730,728,
metric_changed,nypd,totalIntegratedCameras,2150,2185,
metric_changed,nypd,totalOwnedCameras,2150,2185,
metric_changed,nypd,subscribedCameras,2080,2108,
metric_changed,oakbrookpd,totalIntegratedCameras,399,403,
metric_changed,oakbrookpd,totalOwnedCameras,359,363,
metric_changed,oakbrookpd,subscribedCameras,359,363,
metric_changed,oaklawn,subscribedCameras,789,763,
metric_changed,okaloosacounty,totalIntegratedCameras,516,527,
metric_changed,okaloosacounty,totalOwnedCameras,186,197,
metric_changed,okaloosacounty,subscribedCameras,156,167,
metric_changed,okcpd,totalRegisteredCameras,1731,1733,
metric_changed,okcpd,totalIntegratedCameras,7147,7145,
metric_changed,okcpd,totalOwnedCameras,6532,6530,
metric_changed,ontariopolice,totalIntegratedCameras,2095,2150,
metric_changed,ontariopolice,totalOwnedCameras,1329,1322,
metric_changed,ontariopolice,totalSharedCameras,766,828,
metric_changed,ontariopolice,subscribedCameras,1264,1257,
metric_changed,orangecofl,totalIntegratedCameras,10477,10289,
metric_changed,orangecofl,totalOwnedCameras,857,861,
metric_changed,orangecofl,totalSharedCameras,7670,7481,
metric_changed,orlando,totalIntegratedCameras,4099,4096,
metric_changed,orlando,totalOwnedCameras,1053,1050,
metric_changed,orlando,subscribedCameras,1003,1000,
metric_changed,overlandparkpdks,totalIntegratedCameras,1087,1089,
metric_changed,overlandparkpdks,totalOwnedCameras,553,555,
metric_changed,overlandparkpdks,totalMaxCameras,0,1500,
metric_changed,overlandparkpdks,subscribedCameras,540,542,
metric_changed,pascopdwa,totalRegisteredCameras,69,88,
metric_changed,pbso,totalRegisteredCameras,1885,1897,
metric_changed,pbso,totalIntegratedCameras,1502,1506,
metric_changed,pbso,totalOwnedCameras,1016,1020,
metric_changed,peoriapd,totalIntegratedCameras,899,898,
metric_changed,peoriapd,totalOwnedCameras,544,543,
metric_changed,peoriapd,subscribedCameras,537,536,
metric_changed,peoriapdaz,totalIntegratedCameras,599,592,
metric_changed,peoriapdaz,totalOwnedCameras,403,396,
metric_changed,peoriapdaz,subscribedCameras,394,390,
metric_changed,pgcountypd,totalRegisteredCameras,466,488,
metric_changed,pgcountypd,totalIntegratedCameras,2735,2777,
metric_changed,pgcountypd,totalOwnedCameras,1782,1781,
metric_changed,pgcountypd,subscribedCameras,1483,1482,
metric_changed,planotx,totalRegisteredCameras,23,26,
metric_changed,pomonapd,totalIntegratedCameras,187,194,
metric_changed,pomonapd,totalSharedCameras,8,15,
metric_changed,powderspringspd,totalIntegratedCameras,2955,2966,
metric_changed,prairievillagepdks,totalRegisteredCameras,121,129,
metric_changed,prairievillagepdks,totalIntegratedCameras,1488,1490,
metric_changed,raleighncpd,totalRegisteredCameras,1868,1904,
metric_changed,raleighncpd,totalIntegratedCameras,1619,1624,
metric_changed,raleighncpd,totalOwnedCameras,1131,1129,
metric_changed,raleighncpd,totalSharedCameras,57,64,
metric_changed,raleighncpd,subscribedCameras,1128,1126,
metric_changed,renopd,totalRegisteredCameras,708,710,
metric_changed,renopd,totalIntegratedCameras,945,946,
metric_changed,renopd,totalOwnedCameras,541,542,
metric_changed,renopd,subscribedCameras,513,514,
metric_changed,rialtopd,totalRegisteredCameras,349,352,
metric_changed,richlandpdwa,totalIntegratedCameras,190,148,
metric_changed,richlandpdwa,totalOwnedCameras,190,148,
metric_changed,richlandpdwa,subscribedCameras,159,117,
metric_changed,richmondva,totalIntegratedCameras,558,563,
metric_changed,richmondva,totalOwnedCameras,484,489,
metric_changed,richmondva,subscribedCameras,405,410,
metric_changed,rileycountypd,totalMaxCameras,0,150,
metric_changed,rockymountpd,totalIntegratedCameras,726,724,
metric_changed,rockymountpd,totalOwnedCameras,674,672,
metric_changed,rockymountpd,subscribedCameras,616,614,
metric_changed,rogerspdar,totalIntegratedCameras,263,265,
metric_changed,rogerspdar,totalOwnedCameras,263,265,
metric_changed,sacramentopd,totalRegisteredCameras,901,912,
metric_changed,sacramentopd,totalIntegratedCameras,1774,1779,
metric_changed,sacramentopd,totalSharedCameras,418,423,
metric_changed,sanbernardinopdca,totalIntegratedCameras,674,680,
metric_changed,sanbernardinopdca,totalOwnedCameras,552,558,
metric_changed,sandyspringspd,totalIntegratedCameras,15225,15236,
metric_changed,sandyspringspd,totalOwnedCameras,300,301,
metric_changed,sandyspringspd,subscribedCameras,297,298,
metric_changed,sanjose,totalRegisteredCameras,10810,10816,
metric_changed,savannahpd,totalRegisteredCameras,1168,1173,
metric_changed,savannahpd,totalIntegratedCameras,9259,9269,
metric_changed,scrantonpd,totalRegisteredCameras,495,710,
metric_changed,seatpleasantmd,totalIntegratedCameras,1040,1128,
metric_changed,seatpleasantmd,totalOwnedCameras,105,193,
metric_changed,seatpleasantmd,subscribedCameras,102,190,
metric_changed,seattlepd,totalRegisteredCameras,883,888,
metric_changed,seattlepd,totalIntegratedCameras,697,687,
metric_changed,seattlepd,totalOwnedCameras,674,664,
metric_changed,seattlepd,subscribedCameras,673,663,
metric_changed,seminolecountyso,totalIntegratedCameras,2064,2046,
metric_changed,seminolecountyso,totalSharedCameras,1099,1081,
metric_changed,shawneecosheriff,totalIntegratedCameras,2242,2249,
metric_changed,shawneecosheriff,totalOwnedCameras,642,648,
metric_changed,shawneecosheriff,totalSharedCameras,1600,1601,
metric_changed,shawneecosheriff,subscribedCameras,542,548,
metric_changed,shelbycoso,totalRegisteredCameras,1307,1309,
metric_changed,shelbycoso,totalIntegratedCameras,2324,2379,
metric_changed,smyrnaga,totalIntegratedCameras,13065,13075,
metric_changed,southbendpd,totalRegisteredCameras,2529,2536,
metric_changed,southfultonga,totalIntegratedCameras,14805,14815,
metric_changed,spokanecsowa,totalRegisteredCameras,56,0,
metric_changed,springfieldpdmo,totalRegisteredCameras,15,18,
metric_changed,statesboropd,totalIntegratedCameras,14449,14459,
metric_changed,stbernardso,totalIntegratedCameras,1796,85,
metric_changed,stbernardso,totalSharedCameras,1712,1,
metric_changed,stcloud,totalIntegratedCameras,9228,9039,
metric_changed,stcloud,totalSharedCameras,5972,5783,
metric_changed,stjohnscountyso,totalIntegratedCameras,1303,1336,
metric_changed,stjohnscountyso,totalOwnedCameras,1117,1150,
metric_changed,stjohnscountyso,subscribedCameras,1071,1104,
metric_changed,tempepd,totalRegisteredCameras,172,177,
metric_changed,tempepd,totalIntegratedCameras,1506,1522,
metric_changed,tempepd,totalOwnedCameras,907,924,
metric_changed,tempepd,subscribedCameras,907,905,
metric_changed,torrancepd,totalRegisteredCameras,133,140,
metric_changed,turlockpd,totalIntegratedCameras,173,110,
metric_changed,turlockpd,totalOwnedCameras,162,99,
metric_changed,turlockpd,subscribedCameras,162,99,
metric_changed,tuscaloosapd,totalIntegratedCameras,1095,1096,
metric_changed,universityofmissouripdmo,totalRegisteredCameras,145,166,
metric_changed,volusiasheriff,totalIntegratedCameras,3953,3959,
metric_changed,volusiasheriff,totalOwnedCameras,577,583,
metric_changed,volusiasheriff,subscribedCameras,900,902,
metric_changed,wakecounty,totalIntegratedCameras,970,978,
metric_changed,wakecounty,totalOwnedCameras,287,295,
metric_changed,wakecounty,totalSharedCameras,58,60,
metric_changed,wakecounty,subscribedCameras,255,263,
metric_changed,warnerrobinspd,totalIntegratedCameras,9231,9241,
metric_changed,wichitapdks,totalIntegratedCameras,370,361,
metric_changed,wichitapdks,totalOwnedCameras,349,340,
metric_changed,wichitapdks,subscribedCameras,316,307,
collection_issue,riverdalepd,status,,error,HTTP 404
collection_issue,troypdil,status,,error,HTTP 404
